id,Created date (UTC),Amount,Amount Refunded,Currency,Captured,Converted Amount,Converted Amount Refunded,Converted Currency,Decline Reason,Description,Fee,Refunded date (UTC),Statement Descriptor,Status,Seller Message,Taxes On Fee,Card ID,Customer ID,Customer Description,Customer Email,Invoice ID,Transfer,deviceId (metadata),invoiceId (metadata),deviceName (metadata),invoiceNumber (metadata),appBundleId (metadata),locationId (metadata),osVersion (metadata),os (metadata),paymentRecordedBy (metadata),appVersion (metadata),appBuildNumber (metadata)
ch_3RtqvmB4WEOTAzAb1EbsT4Sa,2025-08-08 14:06:14,4.00,0.00,usd,true,4.00,0.00,usd,,Payment for invoice 000207,0.16,,ADVANCED TECH CENTER,Paid,Payment complete.,0.00,card_1RtqvyB4WEOTAzAbzVNIPSYW,cus_SIwsiRUiRtZHWs,,auto.generated@pos.payment,,po_1RukS6B4WEOTAzAbKzbdj1oD,0e40f952-7841-4faf-91b5-5b5d2ad970e1,68960447a04c113dded53ece,iPhone,000207,com.gohighlevel.reviews,Zksj53iga8hYgcS6RbXd,18.6,ios,2HZBJVUfBDHMvaKBevi4,3.98.1,743
ch_3Rj19ZB4WEOTAzAb0HvVpzDw,2025-07-09 16:47:35,1.00,0.00,usd,true,1.00,0.00,usd,,Payment for invoice 000206,0.08,,ADVANCED TECH CENTER,Paid,Payment complete.,0.00,card_1Rj19fB4WEOTAzAbcxYW5oEP,cus_SIwsiRUiRtZHWs,,auto.generated@pos.payment,,po_1Rj994B4WEOTAzAbnr6IgnZk,0e40f952-7841-4faf-91b5-5b5d2ad970e1,686e9d20356c2b23715e33c9,iPhone,000206,com.gohighlevel.reviews,Zksj53iga8hYgcS6RbXd,18.5,ios,2HZBJVUfBDHMvaKBevi4,3.98.1,743
ch_3RiH3vB4WEOTAzAb1rfr8yG1,2025-07-07 15:34:39,2.00,0.00,usd,true,2.00,0.00,usd,,Payment for invoice 000200,0.10,,ADVANCED TECH CENTER,Paid,Payment complete.,0.00,card_1RiH3yB4WEOTAzAbnBG4VA1s,cus_SIwsiRUiRtZHWs,,auto.generated@pos.payment,,po_1RiPxdB4WEOTAzAbZB0Tpm1M,0e40f952-7841-4faf-91b5-5b5d2ad970e1,686be90a828e1b2c33f7b551,iPhone,000200,com.gohighlevel.reviews,Zksj53iga8hYgcS6RbXd,18.5,ios,2HZBJVUfBDHMvaKBevi4,3.98.1,743
ch_3RgUGNB4WEOTAzAb03PGArMF,2025-07-02 17:16:07,2.00,0.00,usd,true,2.00,0.00,usd,,Payment for invoice 000199,0.10,,ADVANCED TECH CENTER,Paid,Payment complete.,0.00,card_1RgUGRB4WEOTAzAbHsHYDsbj,cus_SIwsiRUiRtZHWs,,auto.generated@pos.payment,,po_1RhhMoB4WEOTAzAbbmXwnZEz,0e40f952-7841-4faf-91b5-5b5d2ad970e1,6865695241503052de3131a4,iPhone,000199,com.gohighlevel.reviews,Zksj53iga8hYgcS6RbXd,18.5,ios,2HZBJVUfBDHMvaKBevi4,3.98.1,743
ch_3RgU46B4WEOTAzAb0PhyHfxy,2025-07-02 17:03:38,4.00,0.00,usd,true,4.00,0.00,usd,,Payment for invoice 000197,0.16,,ADVANCED TECH CENTER,Paid,Payment complete.,0.00,card_1RgU4LB4WEOTAzAbQqyxKilZ,cus_SIwsiRUiRtZHWs,,auto.generated@pos.payment,,po_1RhhMoB4WEOTAzAbbmXwnZEz,0e40f952-7841-4faf-91b5-5b5d2ad970e1,6865665976c1fa9581ce7e77,iPhone,000197,com.gohighlevel.reviews,Zksj53iga8hYgcS6RbXd,18.5,ios,2HZBJVUfBDHMvaKBevi4,3.98.1,743
ch_3RWewdB4WEOTAzAb1HS2qnru,2025-06-05 14:39:11,2.00,0.00,usd,true,2.00,0.00,usd,,Payment for invoice 000193,0.10,,ADVANCED TECH CENTER,Paid,Payment complete.,0.00,card_1RWewkB4WEOTAzAbNfzXdTlj,cus_SIwsiRUiRtZHWs,,auto.generated@pos.payment,,po_1RXXewB4WEOTAzAbgdpzSu2i,0e40f952-7841-4faf-91b5-5b5d2ad970e1,6841ac0651dc5443b9057eaa,iPhone,000193,com.gohighlevel.reviews,Zksj53iga8hYgcS6RbXd,18.5,ios,2HZBJVUfBDHMvaKBevi4,3.98.1,743
ch_3RWevOB4WEOTAzAb18gFKGSv,2025-06-05 14:37:53,2.00,0.00,usd,true,2.00,0.00,usd,,Payment for invoice 000192,0.10,,ADVANCED TECH CENTER,Paid,Payment complete.,0.00,card_1RWevVB4WEOTAzAbml0a8Yno,cus_SIwsiRUiRtZHWs,,auto.generated@pos.payment,,po_1RXXewB4WEOTAzAbgdpzSu2i,0e40f952-7841-4faf-91b5-5b5d2ad970e1,6841abb90613ccc9aee3fd0b,iPhone,000192,com.gohighlevel.reviews,Zksj53iga8hYgcS6RbXd,18.5,ios,2HZBJVUfBDHMvaKBevi4,3.98.1,743
ch_3RWetAB4WEOTAzAb0NkiwJLd,2025-06-05 14:35:44,2.00,0.00,usd,true,2.00,0.00,usd,,Payment for invoice 000191,0.10,,ADVANCED TECH CENTER,Paid,Payment complete.,0.00,card_1RWetQB4WEOTAzAbdTWFxPMZ,cus_SIwsiRUiRtZHWs,,auto.generated@pos.payment,,po_1RXXewB4WEOTAzAbgdpzSu2i,0e40f952-7841-4faf-91b5-5b5d2ad970e1,6841ab30d55adb62d4c253a4,iPhone,000191,com.gohighlevel.reviews,Zksj53iga8hYgcS6RbXd,18.5,ios,2HZBJVUfBDHMvaKBevi4,3.98.1,743
ch_3RWesdB4WEOTAzAb1ts0gwaM,2025-06-05 14:35:00,2.50,0.00,usd,true,2.50,0.00,usd,,Payment for invoice 000190,0.12,,ADVANCED TECH CENTER,Paid,Payment complete.,0.00,card_1RWesiB4WEOTAzAb0zFaCXJU,cus_SIwsiRUiRtZHWs,,auto.generated@pos.payment,,po_1RXXewB4WEOTAzAbgdpzSu2i,0e40f952-7841-4faf-91b5-5b5d2ad970e1,6841ab0e72608ec4f57e42fa,iPhone,000190,com.gohighlevel.reviews,Zksj53iga8hYgcS6RbXd,18.5,ios,2HZBJVUfBDHMvaKBevi4,3.98.1,743
ch_3RWermB4WEOTAzAb130N05wz,2025-06-05 14:34:06,1.00,0.00,usd,true,1.00,0.00,usd,,Payment for invoice 000189,0.08,,ADVANCED TECH CENTER,Paid,Payment complete.,0.00,card_1RWerqB4WEOTAzAbRhMkOV9U,cus_SIwsiRUiRtZHWs,,auto.generated@pos.payment,,po_1RXXewB4WEOTAzAbgdpzSu2i,0e40f952-7841-4faf-91b5-5b5d2ad970e1,6841aad9d55adb11d4c2538b,iPhone,000189,com.gohighlevel.reviews,Zksj53iga8hYgcS6RbXd,18.5,ios,2HZBJVUfBDHMvaKBevi4,3.98.1,743
ch_3RWer2B4WEOTAzAb0ZDkuIhV,2025-06-05 14:33:23,1.50,0.00,usd,true,1.50,0.00,usd,,Payment for invoice 000188,0.09,,ADVANCED TECH CENTER,Paid,Payment complete.,0.00,card_1RWer9B4WEOTAzAbC6vNBGQX,cus_SIwsiRUiRtZHWs,,auto.generated@pos.payment,,po_1RXXewB4WEOTAzAbgdpzSu2i,0e40f952-7841-4faf-91b5-5b5d2ad970e1,6841aaab51dc54a2f7057e2d,iPhone,000188,com.gohighlevel.reviews,Zksj53iga8hYgcS6RbXd,18.5,ios,2HZBJVUfBDHMvaKBevi4,3.98.1,743
ch_3RWelcB4WEOTAzAb1EEIeaZi,2025-06-05 14:28:09,2.00,0.00,usd,true,2.00,0.00,usd,,Payment for invoice 000187,0.10,,ADVANCED TECH CENTER,Paid,Payment complete.,0.00,card_1RWem5B4WEOTAzAbz6ZHuof1,cus_SIwsiRUiRtZHWs,,auto.generated@pos.payment,,po_1RXXewB4WEOTAzAbgdpzSu2i,0e40f952-7841-4faf-91b5-5b5d2ad970e1,6841a95b72608eb55b7e427c,iPhone,000187,com.gohighlevel.reviews,Zksj53iga8hYgcS6RbXd,18.5,ios,2HZBJVUfBDHMvaKBevi4,3.98.1,743
ch_3RWejtB4WEOTAzAb0Myh1aW5,2025-06-05 14:26:48,3.00,0.00,usd,true,3.00,0.00,usd,,Payment for invoice 000186,0.13,,ADVANCED TECH CENTER,Paid,Payment complete.,0.00,card_1RWekmB4WEOTAzAb7WORX3tM,cus_SIwsiRUiRtZHWs,,auto.generated@pos.payment,,po_1RXXewB4WEOTAzAbgdpzSu2i,0e40f952-7841-4faf-91b5-5b5d2ad970e1,6841a8ef72608e9e277e4257,iPhone,000186,com.gohighlevel.reviews,Zksj53iga8hYgcS6RbXd,18.5,ios,2HZBJVUfBDHMvaKBevi4,3.98.1,743
ch_3RWeTtB4WEOTAzAb0BmKJ9rN,2025-06-05 14:09:27,1.50,0.00,usd,true,1.50,0.00,usd,,Payment for invoice 000185,0.09,,ADVANCED TECH CENTER,Paid,Payment complete.,0.00,card_1RWeTzB4WEOTAzAbxUPqK2Pk,cus_SIwsiRUiRtZHWs,,auto.generated@pos.payment,,po_1RXXewB4WEOTAzAbgdpzSu2i,0e40f952-7841-4faf-91b5-5b5d2ad970e1,6841a51072608e759d7e418c,iPhone,000185,com.gohighlevel.reviews,Zksj53iga8hYgcS6RbXd,18.5,ios,2HZBJVUfBDHMvaKBevi4,3.98.1,743
ch_3RWcpKB4WEOTAzAb1IUtLNBc,2025-06-05 12:23:25,2.50,0.00,usd,true,2.50,0.00,usd,,Payment for invoice 000184,0.12,,ADVANCED TECH CENTER,Paid,Payment complete.,0.00,card_1RWcpNB4WEOTAzAb4RhKhbD9,cus_SIwsiRUiRtZHWs,,auto.generated@pos.payment,,po_1RXXewB4WEOTAzAbgdpzSu2i,0e40f952-7841-4faf-91b5-5b5d2ad970e1,68418c39d55adb1dcec24971,iPhone,000184,com.gohighlevel.reviews,Zksj53iga8hYgcS6RbXd,18.5,ios,2HZBJVUfBDHMvaKBevi4,3.98.1,743
ch_3RWIThB4WEOTAzAb1Z7Vmrwi,2025-06-04 14:39:44,3.00,0.00,usd,true,3.00,0.00,usd,,Payment for invoice 000182,0.13,,ADVANCED TECH CENTER,Paid,Payment complete.,0.00,card_1RWITjB4WEOTAzAba7wJPoc5,cus_SIwsiRUiRtZHWs,,auto.generated@pos.payment,,po_1RWSHZB4WEOTAzAbpRtXR9oX,0e40f952-7841-4faf-91b5-5b5d2ad970e1,68405aabd55adbfc1ec1feff,iPhone,000182,com.gohighlevel.reviews,Zksj53iga8hYgcS6RbXd,18.5,ios,2HZBJVUfBDHMvaKBevi4,3.98.1,743
ch_3RWISGB4WEOTAzAb1Z4IO6U1,2025-06-04 14:38:18,3.50,0.00,usd,true,3.50,0.00,usd,,Payment for invoice 000181,0.14,,ADVANCED TECH CENTER,Paid,Payment complete.,0.00,card_1RWISLB4WEOTAzAbgAaXwJEM,cus_SIwsiRUiRtZHWs,,auto.generated@pos.payment,,po_1RWSHZB4WEOTAzAbpRtXR9oX,0e40f952-7841-4faf-91b5-5b5d2ad970e1,68405a53284b33463b08a489,iPhone,000181,com.gohighlevel.reviews,Zksj53iga8hYgcS6RbXd,18.5,ios,2HZBJVUfBDHMvaKBevi4,3.98.1,743
ch_3RVw3TB4WEOTAzAb1vX918GH,2025-06-03 14:43:21,2.00,0.00,usd,true,2.00,0.00,usd,,Payment for invoice 000180,0.10,,ADVANCED TECH CENTER,Paid,Payment complete.,0.00,card_1RVw3hB4WEOTAzAbDhkCqb8P,cus_SIwsiRUiRtZHWs,,auto.generated@pos.payment,,po_1RW60MB4WEOTAzAbNlGRV3Ms,0e40f952-7841-4faf-91b5-5b5d2ad970e1,683f09f973f86047403b14f2,iPhone,000180,com.gohighlevel.reviews,Zksj53iga8hYgcS6RbXd,18.5,ios,2HZBJVUfBDHMvaKBevi4,3.98.1,743
ch_3RVw2NB4WEOTAzAb1Nm9A0RF,2025-06-03 14:42:06,2.00,0.00,usd,true,2.00,0.00,usd,,Payment for invoice 000179,0.10,,ADVANCED TECH CENTER,Paid,Payment complete.,0.00,card_1RVw2UB4WEOTAzAbvl0nUGJY,cus_SIwsiRUiRtZHWs,,auto.generated@pos.payment,,po_1RW60MB4WEOTAzAbNlGRV3Ms,0e40f952-7841-4faf-91b5-5b5d2ad970e1,683f09b6522d310ee558b488,iPhone,000179,com.gohighlevel.reviews,Zksj53iga8hYgcS6RbXd,18.5,ios,2HZBJVUfBDHMvaKBevi4,3.98.1,743
ch_3RVvw3B4WEOTAzAb04zij0df,2025-06-03 14:35:37,1.00,0.00,usd,true,1.00,0.00,usd,,Payment for invoice 000177,0.08,,ADVANCED TECH CENTER,Paid,Payment complete.,0.00,card_1RVvwDB4WEOTAzAbCVvd4ByD,cus_SIwsiRUiRtZHWs,,auto.generated@pos.payment,,po_1RW60MB4WEOTAzAbNlGRV3Ms,0e40f952-7841-4faf-91b5-5b5d2ad970e1,683f082e890b0eeff6ae84c8,iPhone,000177,com.gohighlevel.reviews,Zksj53iga8hYgcS6RbXd,18.5,ios,2HZBJVUfBDHMvaKBevi4,3.98.1,743
ch_3RVtxoB4WEOTAzAb0wmMgfE3,2025-06-03 12:29:18,1.50,0.00,usd,true,1.50,0.00,usd,,Payment for invoice 000173,0.09,,ADVANCED TECH CENTER,Paid,Payment complete.,0.00,card_1RVtxyB4WEOTAzAbhW2SQmax,cus_SIwsiRUiRtZHWs,,auto.generated@pos.payment,,po_1RW60MB4WEOTAzAbNlGRV3Ms,1e6f995d-8ee0-45c5-bb56-9b4989f34823,683eea93d092327994d51f53,iPhone,000173,com.gohighlevel.reviews,Zksj53iga8hYgcS6RbXd,18.1.1,ios,WukLb4F6p8uYVSyYyPvT,3.98.1,743
ch_3RVtvEB4WEOTAzAb1UMKRQpV,2025-06-03 12:26:43,2.50,0.00,usd,true,2.50,0.00,usd,,Payment for invoice 000171,0.12,,ADVANCED TECH CENTER,Paid,Payment complete.,0.00,card_1RVtvTB4WEOTAzAbphDou51h,cus_SIwsiRUiRtZHWs,,auto.generated@pos.payment,,po_1RW60MB4WEOTAzAbNlGRV3Ms,b2e7e247-f4d8-4a4d-aa5f-81cc8e555caa,683ee9f3d092320288d51f33,iPhone,000171,com.gohighlevel.reviews,Zksj53iga8hYgcS6RbXd,18.5,ios,15s37xHOdcoGGr1fvZMd,3.98.1,743
ch_3RUSJzB4WEOTAzAb18eWMDeK,2025-05-30 12:46:12,0.50,0.00,usd,true,0.50,0.00,usd,,Payment for invoice 000165,0.06,,ADVANCED TECH CENTER,Paid,Payment complete.,0.00,card_1RUSK8B4WEOTAzAbwvdrpCEn,cus_SIwsiRUiRtZHWs,,auto.generated@pos.payment,,po_1RVN1fB4WEOTAzAbjLHSnHSh,33924e80-4827-45eb-b284-7bb28a679c4e,6839a88a3787105614d4652f,iPhone,000165,com.gohighlevel.reviews,Zksj53iga8hYgcS6RbXd,18.5,ios,hCycWetAeXYk92DYgUeU,3.98.1,743
ch_3RUSAiB4WEOTAzAb0BKKPZr8,2025-05-30 12:36:45,2.00,0.00,usd,true,2.00,0.00,usd,,Payment for invoice 000164,0.10,,ADVANCED TECH CENTER,Paid,Payment complete.,0.00,card_1RUSAzB4WEOTAzAbgCbL0d21,cus_SIwsiRUiRtZHWs,,auto.generated@pos.payment,,po_1RVN1fB4WEOTAzAbjLHSnHSh,33924e80-4827-45eb-b284-7bb28a679c4e,6839a64bd092320e87d3fdb3,iPhone,000164,com.gohighlevel.reviews,Zksj53iga8hYgcS6RbXd,18.5,ios,hCycWetAeXYk92DYgUeU,3.98.1,743
ch_3RUBS2B4WEOTAzAb0hfAhkf1,2025-05-29 18:45:23,3.50,0.00,usd,true,3.50,0.00,usd,,Payment for invoice 000163,0.14,,ADVANCED TECH CENTER,Paid,Payment complete.,0.00,card_1RUBSBB4WEOTAzAbUEuK4qMz,cus_SIwsiRUiRtZHWs,,auto.generated@pos.payment,,po_1RV0OBB4WEOTAzAbkGywH1gt,c42bde2a-56b6-4a2f-84c7-60902adf35ab,6838ab3a3b00c3a7097e6768,iPhone,000163,com.gohighlevel.reviews,Zksj53iga8hYgcS6RbXd,18.5,ios,KWEJtwBrs80j2I9gBYuR,3.98.1,743
ch_3RUBOAB4WEOTAzAb1YJA0rBi,2025-05-29 18:41:17,1.00,0.00,usd,true,1.00,0.00,usd,,Payment for invoice 000162,0.08,,ADVANCED TECH CENTER,Paid,Payment complete.,0.00,card_1RUBODB4WEOTAzAby9V7zJnS,cus_SIwsiRUiRtZHWs,,auto.generated@pos.payment,,po_1RV0OBB4WEOTAzAbkGywH1gt,c42bde2a-56b6-4a2f-84c7-60902adf35ab,6838aa49d092329ec7d3db2f,iPhone,000162,com.gohighlevel.reviews,Zksj53iga8hYgcS6RbXd,18.5,ios,KWEJtwBrs80j2I9gBYuR,3.98.1,743
ch_3RUBMNB4WEOTAzAb10V3IHbx,2025-05-29 18:39:27,1.00,0.00,usd,true,1.00,0.00,usd,,Payment for invoice 000161,0.08,,ADVANCED TECH CENTER,Paid,Payment complete.,0.00,card_1RUBMRB4WEOTAzAbsSia5wv4,cus_SIwsiRUiRtZHWs,,auto.generated@pos.payment,,po_1RV0OBB4WEOTAzAbkGywH1gt,c42bde2a-56b6-4a2f-84c7-60902adf35ab,6838a9da3787108a0fd442f0,iPhone,000161,com.gohighlevel.reviews,Zksj53iga8hYgcS6RbXd,18.5,ios,KWEJtwBrs80j2I9gBYuR,3.98.1,743
ch_3RUBLZB4WEOTAzAb1P0wjedJ,2025-05-29 18:38:42,2.00,0.00,usd,true,2.00,0.00,usd,,Payment for invoice 000160,0.10,,ADVANCED TECH CENTER,Paid,Payment complete.,0.00,card_1RUBLiB4WEOTAzAbgTAh87o9,cus_SIwsiRUiRtZHWs,,auto.generated@pos.payment,,po_1RV0OBB4WEOTAzAbkGywH1gt,c42bde2a-56b6-4a2f-84c7-60902adf35ab,6838a9a83787103409d442e4,iPhone,000160,com.gohighlevel.reviews,Zksj53iga8hYgcS6RbXd,18.5,ios,KWEJtwBrs80j2I9gBYuR,3.98.1,743
ch_3RTl8QB4WEOTAzAb0eUFBcjv,2025-05-28 14:39:29,1.00,0.00,usd,true,1.00,0.00,usd,,Payment for invoice 000157,0.08,,ADVANCED TECH CENTER,Paid,Payment complete.,0.00,card_1RTl8eB4WEOTAzAbTfSbiNpv,cus_SIwsiRUiRtZHWs,,auto.generated@pos.payment,,po_1RTv1ZB4WEOTAzAbmDB8UBZn,33924e80-4827-45eb-b284-7bb28a679c4e,6837201254a5f562007059c8,iPhone,000157,com.gohighlevel.reviews,Zksj53iga8hYgcS6RbXd,18.5,ios,hCycWetAeXYk92DYgUeU,3.98.1,743
ch_3RTl1NB4WEOTAzAb1GCLAWX4,2025-05-28 14:32:06,1.50,0.00,usd,true,1.50,0.00,usd,,Payment for invoice 000156,0.09,,ADVANCED TECH CENTER,Paid,Payment complete.,0.00,card_1RTl1WB4WEOTAzAb7nyFESTM,cus_SIwsiRUiRtZHWs,,auto.generated@pos.payment,,po_1RTv1ZB4WEOTAzAbmDB8UBZn,33924e80-4827-45eb-b284-7bb28a679c4e,68371e5cd09232444cd386cb,iPhone,000156,com.gohighlevel.reviews,Zksj53iga8hYgcS6RbXd,18.5,ios,hCycWetAeXYk92DYgUeU,3.98.1,743
ch_3RTSPBB4WEOTAzAb1fldaSDs,2025-05-27 18:39:22,1.00,0.00,usd,true,1.00,0.00,usd,,Payment for invoice 000154,0.08,,ADVANCED TECH CENTER,Paid,Payment complete.,0.00,card_1RTSPGB4WEOTAzAbEqEvHBih,cus_SIwsiRUiRtZHWs,,auto.generated@pos.payment,,po_1RTYi6B4WEOTAzAb6D6gg4FJ,33924e80-4827-45eb-b284-7bb28a679c4e,683606d4d1d416e594293e07,iPhone,000154,com.gohighlevel.reviews,Zksj53iga8hYgcS6RbXd,18.5,ios,hCycWetAeXYk92DYgUeU,3.98.1,743
ch_3RTSO4B4WEOTAzAb1fc90IfO,2025-05-27 18:38:32,2.50,0.00,usd,true,2.50,0.00,usd,,Payment for invoice 000153,0.12,,ADVANCED TECH CENTER,Paid,Payment complete.,0.00,card_1RTSOSB4WEOTAzAbnlpGoK7v,cus_SIwsiRUiRtZHWs,,auto.generated@pos.payment,,po_1RTYi6B4WEOTAzAb6D6gg4FJ,33924e80-4827-45eb-b284-7bb28a679c4e,6836068f1cea571353350419,iPhone,000153,com.gohighlevel.reviews,Zksj53iga8hYgcS6RbXd,18.5,ios,hCycWetAeXYk92DYgUeU,3.98.1,743
ch_3RTSN1B4WEOTAzAb1DHCyZny,2025-05-27 18:37:07,2.00,0.00,usd,true,2.00,0.00,usd,,Payment for invoice 000152,0.10,,ADVANCED TECH CENTER,Paid,Payment complete.,0.00,card_1RTSN5B4WEOTAzAbGotaV6jN,cus_SIwsiRUiRtZHWs,,auto.generated@pos.payment,,po_1RTYi6B4WEOTAzAb6D6gg4FJ,33924e80-4827-45eb-b284-7bb28a679c4e,6836064ed1d416433c293dea,iPhone,000152,com.gohighlevel.reviews,Zksj53iga8hYgcS6RbXd,18.5,ios,hCycWetAeXYk92DYgUeU,3.98.1,743
ch_3RTSMBB4WEOTAzAb0BTCFrVM,2025-05-27 18:36:23,1.00,0.00,usd,true,1.00,0.00,usd,,Payment for invoice 000151,0.08,,ADVANCED TECH CENTER,Paid,Payment complete.,0.00,card_1RTSMNB4WEOTAzAbBhkx5coN,cus_SIwsiRUiRtZHWs,,auto.generated@pos.payment,,po_1RTYi6B4WEOTAzAb6D6gg4FJ,33924e80-4827-45eb-b284-7bb28a679c4e,6836061a2cb697f27ce8a9c7,iPhone,000151,com.gohighlevel.reviews,Zksj53iga8hYgcS6RbXd,18.5,ios,hCycWetAeXYk92DYgUeU,3.98.1,743
ch_3RTS5QB4WEOTAzAb1rxezRjj,2025-05-27 18:18:59,1.00,0.00,usd,true,1.00,0.00,usd,,Payment for invoice 000150,0.08,,ADVANCED TECH CENTER,Paid,Payment complete.,0.00,card_1RTS5XB4WEOTAzAbXp8YoF0q,cus_SIwsiRUiRtZHWs,,auto.generated@pos.payment,,po_1RTYi6B4WEOTAzAb6D6gg4FJ,0e40f952-7841-4faf-91b5-5b5d2ad970e1,6836020b2cb697e21ce8a84c,iPhone,000150,com.gohighlevel.reviews,Zksj53iga8hYgcS6RbXd,18.5,ios,2HZBJVUfBDHMvaKBevi4,3.98.1,743
ch_3RTQ2uB4WEOTAzAb19vSKTud,2025-05-27 16:08:18,2.00,0.00,usd,true,2.00,0.00,usd,,Payment for invoice 000149,0.10,,ADVANCED TECH CENTER,Paid,Payment complete.,0.00,card_1RTQ33B4WEOTAzAbxJoWX8yn,cus_SIwsiRUiRtZHWs,,auto.generated@pos.payment,,po_1RTYi6B4WEOTAzAb6D6gg4FJ,fed24191-59f6-4c2a-9aee-f5f1b41126a2,6835e3671cea57c25534f9d9,SM-S901U,000149,com.gohighlevel,Zksj53iga8hYgcS6RbXd,15,android,hF1OciCadlByeJRMIhaY,3.98.1,743
ch_3RTQ25B4WEOTAzAb1qA18Dp4,2025-05-27 16:07:47,2.00,0.00,usd,true,2.00,0.00,usd,,Payment for invoice 000148,0.10,,ADVANCED TECH CENTER,Paid,Payment complete.,0.00,card_1RTQ2YB4WEOTAzAb49eYDALK,cus_SIwsiRUiRtZHWs,,auto.generated@pos.payment,,po_1RTYi6B4WEOTAzAb6D6gg4FJ,fed24191-59f6-4c2a-9aee-f5f1b41126a2,6835e3342cb6974287e89fe2,SM-S901U,000148,com.gohighlevel,Zksj53iga8hYgcS6RbXd,15,android,hF1OciCadlByeJRMIhaY,3.98.1,743
ch_3RS0WsB4WEOTAzAb15sjOX0g,2025-05-23 18:41:23,1.50,0.00,usd,true,1.50,0.00,usd,,Payment for invoice 000145,0.09,,ADVANCED TECH CENTER,Paid,Payment complete.,0.00,card_1RS0X1B4WEOTAzAb5U5Od4dt,cus_SIwsiRUiRtZHWs,,auto.generated@pos.payment,,po_1RTC80B4WEOTAzAbomYiDUee,6825ae6c-3b7b-4f1e-b879-9027e911d1f2,6830c14954a5f546126f666b,SM-G975U1,000145,com.gohighlevel,Zksj53iga8hYgcS6RbXd,12,android,vgEeFvUnX3d9YGEkXZOc,3.98.1,743
ch_3RS0V4B4WEOTAzAb1W4KSLej,2025-05-23 18:39:29,3.50,0.00,usd,true,3.50,0.00,usd,,Payment for invoice 000144,0.14,,ADVANCED TECH CENTER,Paid,Payment complete.,0.00,card_1RS0VBB4WEOTAzAbDsX1V5sn,cus_SIwsiRUiRtZHWs,,auto.generated@pos.payment,,po_1RTC80B4WEOTAzAbomYiDUee,6825ae6c-3b7b-4f1e-b879-9027e911d1f2,6830c0b2a3d42e50b3a43561,SM-G975U1,000144,com.gohighlevel,Zksj53iga8hYgcS6RbXd,12,android,vgEeFvUnX3d9YGEkXZOc,3.98.1,743
ch_3RS0KHB4WEOTAzAb0pRFtY9g,2025-05-23 18:28:21,3.00,0.00,usd,true,3.00,0.00,usd,,Payment for invoice 000143,0.13,,ADVANCED TECH CENTER,Paid,Payment complete.,0.00,card_1RS0KPB4WEOTAzAboPOkEyyQ,cus_SIwsiRUiRtZHWs,,auto.generated@pos.payment,,po_1RTC80B4WEOTAzAbomYiDUee,6825ae6c-3b7b-4f1e-b879-9027e911d1f2,6830be3da3d42e7beca434d6,SM-G975U1,000143,com.gohighlevel,Zksj53iga8hYgcS6RbXd,12,android,vgEeFvUnX3d9YGEkXZOc,3.98.1,743
ch_3RRwbyB4WEOTAzAb13Li2Fik,2025-05-23 14:30:20,3.00,0.00,usd,true,3.00,0.00,usd,,Payment for invoice 000141,0.13,,ADVANCED TECH CENTER,Paid,Payment complete.,0.00,card_1RRwc3B4WEOTAzAbvKDtXS7I,cus_SIwsiRUiRtZHWs,,auto.generated@pos.payment,,po_1RTC80B4WEOTAzAbomYiDUee,0e40f952-7841-4faf-91b5-5b5d2ad970e1,68308675a3d42eb63ea4198b,iPhone,000141,com.gohighlevel.reviews,Zksj53iga8hYgcS6RbXd,18.5,ios,2HZBJVUfBDHMvaKBevi4,3.98.1,743
ch_3RRudqB4WEOTAzAb1uWQCyDe,2025-05-23 12:24:09,3.50,0.00,usd,true,3.50,0.00,usd,,Payment for invoice 000140,0.14,,ADVANCED TECH CENTER,Paid,Payment complete.,0.00,card_1RRudxB4WEOTAzAbPcR13KHO,cus_SIwsiRUiRtZHWs,,auto.generated@pos.payment,,po_1RTC80B4WEOTAzAbomYiDUee,b2e7e247-f4d8-4a4d-aa5f-81cc8e555caa,683068e154a5f559536f3e00,iPhone,000140,com.gohighlevel.reviews,Zksj53iga8hYgcS6RbXd,18.4.1,ios,15s37xHOdcoGGr1fvZMd,3.98.1,743
ch_3RRucEB4WEOTAzAb14gB3zWb,2025-05-23 12:22:30,2.00,0.00,usd,true,2.00,0.00,usd,,Payment for invoice 000139,0.10,,ADVANCED TECH CENTER,Paid,Payment complete.,0.00,card_1RRucMB4WEOTAzAbtyLXHBCn,cus_SIwsiRUiRtZHWs,,auto.generated@pos.payment,,po_1RTC80B4WEOTAzAbomYiDUee,b2e7e247-f4d8-4a4d-aa5f-81cc8e555caa,6830687d1cea5749f6341945,iPhone,000139,com.gohighlevel.reviews,Zksj53iga8hYgcS6RbXd,18.4.1,ios,15s37xHOdcoGGr1fvZMd,3.98.1,743
ch_3RRuVeB4WEOTAzAb1qaLmMqJ,2025-05-23 12:15:49,4.00,0.00,usd,true,4.00,0.00,usd,,Payment for invoice 000138,0.16,,ADVANCED TECH CENTER,Paid,Payment complete.,0.00,card_1RRuVtB4WEOTAzAb6EXe65LO,cus_SIwsiRUiRtZHWs,,auto.generated@pos.payment,,po_1RTC80B4WEOTAzAbomYiDUee,b2e7e247-f4d8-4a4d-aa5f-81cc8e555caa,683066e554a5f556ef6f3da4,iPhone,000138,com.gohighlevel.reviews,Zksj53iga8hYgcS6RbXd,18.4.1,ios,15s37xHOdcoGGr1fvZMd,3.98.1,743
ch_3RRuRRB4WEOTAzAb1THJDjZf,2025-05-23 12:11:35,1.50,0.00,usd,true,1.50,0.00,usd,,Payment for invoice 000137,0.09,,ADVANCED TECH CENTER,Paid,Payment complete.,0.00,card_1RRuRnB4WEOTAzAbftBMZSLe,cus_SIwsiRUiRtZHWs,,auto.generated@pos.payment,,po_1RTC80B4WEOTAzAbomYiDUee,b2e7e247-f4d8-4a4d-aa5f-81cc8e555caa,683065e054a5f512ef6f3d64,iPhone,000137,com.gohighlevel.reviews,Zksj53iga8hYgcS6RbXd,18.4.1,ios,15s37xHOdcoGGr1fvZMd,3.98.1,743
ch_3RRuPmB4WEOTAzAb1cayNhNP,2025-05-23 12:09:36,1.50,0.00,usd,true,1.50,0.00,usd,,Payment for invoice 000136,0.09,,ADVANCED TECH CENTER,Paid,Payment complete.,0.00,card_1RRuPrB4WEOTAzAbGIYD4jbk,cus_SIwsiRUiRtZHWs,,auto.generated@pos.payment,,po_1RTC80B4WEOTAzAbomYiDUee,b2e7e247-f4d8-4a4d-aa5f-81cc8e555caa,683065791cea5758ce341892,iPhone,000136,com.gohighlevel.reviews,Zksj53iga8hYgcS6RbXd,18.4.1,ios,15s37xHOdcoGGr1fvZMd,3.98.1,743
ch_3RRdnKB4WEOTAzAb0NgWLnTE,2025-05-22 18:24:52,1.00,0.00,usd,true,1.00,0.00,usd,,Payment for invoice 000133,0.08,,ADVANCED TECH CENTER,Paid,Payment complete.,0.00,card_1RRdnTB4WEOTAzAbMg727vsg,cus_SIwsiRUiRtZHWs,,auto.generated@pos.payment,,po_1RSpniB4WEOTAzAb2IQgGznI,6825ae6c-3b7b-4f1e-b879-9027e911d1f2,682f6be958d21b2433cb8f71,SM-G975U1,000133,com.gohighlevel,Zksj53iga8hYgcS6RbXd,12,android,vgEeFvUnX3d9YGEkXZOc,3.98.1,743
ch_3RRdl1B4WEOTAzAb0Mo4Ps7L,2025-05-22 18:22:25,3.00,0.00,usd,true,3.00,0.00,usd,,Payment for invoice 000132,0.13,,ADVANCED TECH CENTER,Paid,Payment complete.,0.00,card_1RRdl7B4WEOTAzAbmtYm3uiQ,cus_SIwsiRUiRtZHWs,,auto.generated@pos.payment,,po_1RSpniB4WEOTAzAb2IQgGznI,6825ae6c-3b7b-4f1e-b879-9027e911d1f2,682f6b5a54a5f5b32d6f0a9a,SM-G975U1,000132,com.gohighlevel,Zksj53iga8hYgcS6RbXd,12,android,vgEeFvUnX3d9YGEkXZOc,3.98.1,743
ch_3RRdftB4WEOTAzAb12TfNsnZ,2025-05-22 18:17:13,1.00,0.00,usd,true,1.00,0.00,usd,,Payment for invoice 000130,0.08,,ADVANCED TECH CENTER,Paid,Payment complete.,0.00,card_1RRdg5B4WEOTAzAbCMUVenHG,cus_SIwsiRUiRtZHWs,,auto.generated@pos.payment,,po_1RSpniB4WEOTAzAb2IQgGznI,6825ae6c-3b7b-4f1e-b879-9027e911d1f2,682f6a1c54a5f5e43a6f0a4d,SM-G975U1,000130,com.gohighlevel,Zksj53iga8hYgcS6RbXd,12,android,vgEeFvUnX3d9YGEkXZOc,3.98.1,743
ch_3RRdevB4WEOTAzAb10BlCHgD,2025-05-22 18:16:09,4.00,0.00,usd,true,4.00,0.00,usd,,Payment for invoice 000129,0.16,,ADVANCED TECH CENTER,Paid,Payment complete.,0.00,card_1RRdf3B4WEOTAzAbMt2BZSO7,cus_SIwsiRUiRtZHWs,,auto.generated@pos.payment,,po_1RSpniB4WEOTAzAb2IQgGznI,6825ae6c-3b7b-4f1e-b879-9027e911d1f2,682f69df58d21b7dc9cb8ef0,SM-G975U1,000129,com.gohighlevel,Zksj53iga8hYgcS6RbXd,12,android,vgEeFvUnX3d9YGEkXZOc,3.98.1,743
ch_3RRbEjB4WEOTAzAb1TmI8LGY,2025-05-22 15:41:02,1.50,0.00,usd,true,1.50,0.00,usd,,Payment for invoice 000126,0.09,,ADVANCED TECH CENTER,Paid,Payment complete.,0.00,card_1RRbEwB4WEOTAzAbTManTPgt,cus_SIwsiRUiRtZHWs,,auto.generated@pos.payment,,po_1RSpniB4WEOTAzAb2IQgGznI,0e40f952-7841-4faf-91b5-5b5d2ad970e1,682f458054a5f5f84a6efe48,iPhone,000126,com.gohighlevel.reviews,Zksj53iga8hYgcS6RbXd,18.5,ios,2HZBJVUfBDHMvaKBevi4,3.98.1,743
ch_3RRbE7B4WEOTAzAb0EEH9hif,2025-05-22 15:40:26,1.00,0.00,usd,true,1.00,0.00,usd,,Payment for invoice 000125,0.08,,ADVANCED TECH CENTER,Paid,Payment complete.,0.00,card_1RRbEMB4WEOTAzAbrATgPzw6,cus_SIwsiRUiRtZHWs,,auto.generated@pos.payment,,po_1RSpniB4WEOTAzAb2IQgGznI,0e40f952-7841-4faf-91b5-5b5d2ad970e1,682f455aecdb6dbcfac84c20,iPhone,000125,com.gohighlevel.reviews,Zksj53iga8hYgcS6RbXd,18.5,ios,2HZBJVUfBDHMvaKBevi4,3.98.1,743
ch_3RRa94B4WEOTAzAb1Qi2we5f,2025-05-22 14:30:59,1.50,0.00,usd,true,1.50,0.00,usd,,Payment for invoice 000120,0.09,,ADVANCED TECH CENTER,Paid,Payment complete.,0.00,card_1RRa99B4WEOTAzAb3TKaU0oy,cus_SIwsiRUiRtZHWs,,auto.generated@pos.payment,,po_1RSpniB4WEOTAzAb2IQgGznI,0e40f952-7841-4faf-91b5-5b5d2ad970e1,682f351b58d21b9096cb7c9f,iPhone,000120,com.gohighlevel.reviews,Zksj53iga8hYgcS6RbXd,18.5,ios,2HZBJVUfBDHMvaKBevi4,3.98.1,743
ch_3RRa6fB4WEOTAzAb0yA1XGHY,2025-05-22 14:28:28,3.00,0.00,usd,true,3.00,0.00,usd,,Payment for invoice 000118,0.13,,ADVANCED TECH CENTER,Paid,Payment complete.,0.00,card_1RRa6iB4WEOTAzAbH3cAtUaY,cus_SIwsiRUiRtZHWs,,auto.generated@pos.payment,,po_1RSpniB4WEOTAzAb2IQgGznI,0e40f952-7841-4faf-91b5-5b5d2ad970e1,682f348858d21b3c6ecb7c6b,iPhone,000118,com.gohighlevel.reviews,Zksj53iga8hYgcS6RbXd,18.5,ios,2HZBJVUfBDHMvaKBevi4,3.98.1,743
ch_3RRa5fB4WEOTAzAb0lKALw72,2025-05-22 14:27:29,2.00,0.00,usd,true,2.00,0.00,usd,,Payment for invoice 000117,0.10,,ADVANCED TECH CENTER,Paid,Payment complete.,0.00,card_1RRa5lB4WEOTAzAbhMUrWHct,cus_SIwsiRUiRtZHWs,,auto.generated@pos.payment,,po_1RSpniB4WEOTAzAb2IQgGznI,0e40f952-7841-4faf-91b5-5b5d2ad970e1,682f344aecdb6d54e8c8466d,iPhone,000117,com.gohighlevel.reviews,Zksj53iga8hYgcS6RbXd,18.5,ios,2HZBJVUfBDHMvaKBevi4,3.98.1,743
ch_3RRa0BB4WEOTAzAb0MBREIFZ,2025-05-22 14:21:47,1.50,0.00,usd,true,1.50,0.00,usd,,Payment for invoice 000115,0.09,,ADVANCED TECH CENTER,Paid,Payment complete.,0.00,card_1RRa0FB4WEOTAzAb6qzXBYwN,cus_SIwsiRUiRtZHWs,,auto.generated@pos.payment,,po_1RSpniB4WEOTAzAb2IQgGznI,0e40f952-7841-4faf-91b5-5b5d2ad970e1,682f32e758d21b9f7ecb7be4,iPhone,000115,com.gohighlevel.reviews,Zksj53iga8hYgcS6RbXd,18.5,ios,2HZBJVUfBDHMvaKBevi4,3.98.1,743
ch_3RRZwWB4WEOTAzAb0Nf4mHQ2,2025-05-22 14:18:00,4.50,0.00,usd,true,4.50,0.00,usd,,Payment for invoice 000114,0.17,,ADVANCED TECH CENTER,Paid,Payment complete.,0.00,card_1RRZwaB4WEOTAzAbLHzqkpg9,cus_SIwsiRUiRtZHWs,,auto.generated@pos.payment,,po_1RSpniB4WEOTAzAb2IQgGznI,0e40f952-7841-4faf-91b5-5b5d2ad970e1,682f321358d21bfb3ecb7b98,iPhone,000114,com.gohighlevel.reviews,Zksj53iga8hYgcS6RbXd,18.5,ios,2HZBJVUfBDHMvaKBevi4,3.98.1,743
ch_3RRYB5B4WEOTAzAb1Hw4ms66,2025-05-22 12:24:56,1.50,0.00,usd,true,1.50,0.00,usd,,Payment for invoice 000113,0.09,,ADVANCED TECH CENTER,Paid,Payment complete.,0.00,card_1RRYBAB4WEOTAzAbX4m93yv0,cus_SIwsiRUiRtZHWs,,auto.generated@pos.payment,,po_1RSpniB4WEOTAzAb2IQgGznI,b2e7e247-f4d8-4a4d-aa5f-81cc8e555caa,682f17926db4124c4f063853,iPhone,000113,com.gohighlevel.reviews,Zksj53iga8hYgcS6RbXd,18.4.1,ios,15s37xHOdcoGGr1fvZMd,3.98.1,743
ch_3RRYA6B4WEOTAzAb1WN52SwC,2025-05-22 12:23:53,1.00,0.00,usd,true,1.00,0.00,usd,,Payment for invoice 000110,0.08,,ADVANCED TECH CENTER,Paid,Payment complete.,0.00,card_1RRYA9B4WEOTAzAbHdgzHbUm,cus_SIwsiRUiRtZHWs,,auto.generated@pos.payment,,po_1RSpniB4WEOTAzAb2IQgGznI,b2e7e247-f4d8-4a4d-aa5f-81cc8e555caa,682f17556db4126bd806383e,iPhone,000110,com.gohighlevel.reviews,Zksj53iga8hYgcS6RbXd,18.4.1,ios,15s37xHOdcoGGr1fvZMd,3.98.1,743
ch_3RRY9UB4WEOTAzAb1HMsi7Gx,2025-05-22 12:23:16,4.00,0.00,usd,true,4.00,0.00,usd,,Payment for invoice 000109,0.16,,ADVANCED TECH CENTER,Paid,Payment complete.,0.00,card_1RRY9YB4WEOTAzAbXBa24Fvf,cus_SIwsiRUiRtZHWs,,auto.generated@pos.payment,,po_1RSpniB4WEOTAzAb2IQgGznI,b2e7e247-f4d8-4a4d-aa5f-81cc8e555caa,682f172f54a5f552b46eeb4b,iPhone,000109,com.gohighlevel.reviews,Zksj53iga8hYgcS6RbXd,18.4.1,ios,15s37xHOdcoGGr1fvZMd,3.98.1,743
ch_3RRY8NB4WEOTAzAb14Z9Qf8q,2025-05-22 12:22:08,1.00,0.00,usd,true,1.00,0.00,usd,,Payment for invoice 000108,0.08,,ADVANCED TECH CENTER,Paid,Payment complete.,0.00,card_1RRY8SB4WEOTAzAbfV78O0G8,cus_SIwsiRUiRtZHWs,,auto.generated@pos.payment,,po_1RSpniB4WEOTAzAb2IQgGznI,b2e7e247-f4d8-4a4d-aa5f-81cc8e555caa,682f16ea6db412b0d2063825,iPhone,000108,com.gohighlevel.reviews,Zksj53iga8hYgcS6RbXd,18.4.1,ios,15s37xHOdcoGGr1fvZMd,3.98.1,743
ch_3RRY7uB4WEOTAzAb0YZdaCX1,2025-05-22 12:21:49,6.00,0.00,usd,true,6.00,0.00,usd,,Payment for invoice 000107,0.21,,ADVANCED TECH CENTER,Paid,Payment complete.,0.00,card_1RRY89B4WEOTAzAbbgfLgvpZ,cus_SIwsiRUiRtZHWs,,auto.generated@pos.payment,,po_1RSpniB4WEOTAzAb2IQgGznI,b2e7e247-f4d8-4a4d-aa5f-81cc8e555caa,682f16cd6db412e7b906381c,iPhone,000107,com.gohighlevel.reviews,Zksj53iga8hYgcS6RbXd,18.4.1,ios,15s37xHOdcoGGr1fvZMd,3.98.1,743
ch_3RRY5bB4WEOTAzAb1mFEoiVE,2025-05-22 12:19:15,1.00,0.00,usd,true,1.00,0.00,usd,,Payment for invoice 000104,0.08,,ADVANCED TECH CENTER,Paid,Payment complete.,0.00,card_1RRY5fB4WEOTAzAbgCXqUvqL,cus_SIwsiRUiRtZHWs,,auto.generated@pos.payment,,po_1RSpniB4WEOTAzAb2IQgGznI,b2e7e247-f4d8-4a4d-aa5f-81cc8e555caa,682f163e54a5f574a16eeb07,iPhone,000104,com.gohighlevel.reviews,Zksj53iga8hYgcS6RbXd,18.4.1,ios,15s37xHOdcoGGr1fvZMd,3.98.1,743
ch_3RRY4sB4WEOTAzAb0KSRPHQm,2025-05-22 12:18:32,2.00,0.00,usd,true,2.00,0.00,usd,,Payment for invoice 000103,0.10,,ADVANCED TECH CENTER,Paid,Payment complete.,0.00,card_1RRY4yB4WEOTAzAbCEp7pi4O,cus_SIwsiRUiRtZHWs,,auto.generated@pos.payment,,po_1RSpniB4WEOTAzAb2IQgGznI,b2e7e247-f4d8-4a4d-aa5f-81cc8e555caa,682f15f954a5f5b1826eeaee,iPhone,000103,com.gohighlevel.reviews,Zksj53iga8hYgcS6RbXd,18.4.1,ios,15s37xHOdcoGGr1fvZMd,3.98.1,743
ch_3RRY3NB4WEOTAzAb1fVBSZs2,2025-05-22 12:16:57,2.00,0.00,usd,true,2.00,0.00,usd,,Payment for invoice 000102,0.10,,ADVANCED TECH CENTER,Paid,Payment complete.,0.00,card_1RRY3RB4WEOTAzAbtbQm4AHp,cus_SIwsiRUiRtZHWs,,auto.generated@pos.payment,,po_1RSpniB4WEOTAzAb2IQgGznI,b2e7e247-f4d8-4a4d-aa5f-81cc8e555caa,682f15b454a5f5957e6eead4,iPhone,000102,com.gohighlevel.reviews,Zksj53iga8hYgcS6RbXd,18.4.1,ios,15s37xHOdcoGGr1fvZMd,3.98.1,743
ch_3RRY2dB4WEOTAzAb1Ndz0tCv,2025-05-22 12:16:21,1.50,0.00,usd,true,1.50,0.00,usd,,Payment for invoice 000101,0.09,,ADVANCED TECH CENTER,Paid,Payment complete.,0.00,card_1RRY2qB4WEOTAzAbSIMOUgbF,cus_SIwsiRUiRtZHWs,,auto.generated@pos.payment,,po_1RSpniB4WEOTAzAb2IQgGznI,b2e7e247-f4d8-4a4d-aa5f-81cc8e555caa,682f15866db41268560637b2,iPhone,000101,com.gohighlevel.reviews,Zksj53iga8hYgcS6RbXd,18.4.1,ios,15s37xHOdcoGGr1fvZMd,3.98.1,743
ch_3RRHcMB4WEOTAzAb1wnQ97oa,2025-05-21 18:44:00,1.00,0.00,usd,true,1.00,0.00,usd,,Payment for invoice 000097,0.08,,ADVANCED TECH CENTER,Paid,Payment complete.,0.00,card_1RRHcSB4WEOTAzAbpuhpSkvK,cus_SIwsiRUiRtZHWs,,auto.generated@pos.payment,,po_1RRNg4B4WEOTAzAb1IhZRQxV,6825ae6c-3b7b-4f1e-b879-9027e911d1f2,682e1ee9887bf461ad3aeecf,SM-G975U1,000097,com.gohighlevel,Zksj53iga8hYgcS6RbXd,12,android,vgEeFvUnX3d9YGEkXZOc,3.98.1,743
ch_3RRHbiB4WEOTAzAb0TRJ7bjy,2025-05-21 18:43:34,1.00,0.00,usd,true,1.00,0.00,usd,,Payment for invoice 000096,0.08,,ADVANCED TECH CENTER,Paid,Payment complete.,0.00,card_1RRHc2B4WEOTAzAblh1rIMJr,cus_SIwsiRUiRtZHWs,,auto.generated@pos.payment,,po_1RRNg4B4WEOTAzAb1IhZRQxV,6825ae6c-3b7b-4f1e-b879-9027e911d1f2,682e1ec1887bf4fa893aeebb,SM-G975U1,000096,com.gohighlevel,Zksj53iga8hYgcS6RbXd,12,android,vgEeFvUnX3d9YGEkXZOc,3.98.1,743
ch_3RRHXEB4WEOTAzAb0U7FuQvU,2025-05-21 18:38:43,3.00,0.00,usd,true,3.00,0.00,usd,,Payment for invoice 000095,0.13,,ADVANCED TECH CENTER,Paid,Payment complete.,0.00,card_1RRHXLB4WEOTAzAbqzw6bk1W,cus_SIwsiRUiRtZHWs,,auto.generated@pos.payment,,po_1RRNg4B4WEOTAzAb1IhZRQxV,6825ae6c-3b7b-4f1e-b879-9027e911d1f2,682e1dab887bf4ae493aee22,SM-G975U1,000095,com.gohighlevel,Zksj53iga8hYgcS6RbXd,12,android,vgEeFvUnX3d9YGEkXZOc,3.98.1,743
ch_3RRH7vB4WEOTAzAb1OiStpM8,2025-05-21 18:12:37,2.00,0.00,usd,true,2.00,0.00,usd,,Payment for invoice 000093,0.10,,ADVANCED TECH CENTER,Paid,Payment complete.,0.00,card_1RRH85B4WEOTAzAb1CpeWh0G,cus_SIwsiRUiRtZHWs,,auto.generated@pos.payment,,po_1RRNg4B4WEOTAzAb1IhZRQxV,6825ae6c-3b7b-4f1e-b879-9027e911d1f2,682e178a887bf41dcb3aea7c,SM-G975U1,000093,com.gohighlevel,Zksj53iga8hYgcS6RbXd,12,android,vgEeFvUnX3d9YGEkXZOc,3.98.1,743
ch_3RRH63B4WEOTAzAb1Bri5usp,2025-05-21 18:10:38,1.50,0.00,usd,true,1.50,0.00,usd,,Payment for invoice 000092,0.09,,ADVANCED TECH CENTER,Paid,Payment complete.,0.00,card_1RRH6AB4WEOTAzAbNax3qbXL,cus_SIwsiRUiRtZHWs,,auto.generated@pos.payment,,po_1RRNg4B4WEOTAzAb1IhZRQxV,6825ae6c-3b7b-4f1e-b879-9027e911d1f2,682e1716887bf458db3aea47,SM-G975U1,000092,com.gohighlevel,Zksj53iga8hYgcS6RbXd,12,android,vgEeFvUnX3d9YGEkXZOc,3.98.1,743
ch_3RRGpzB4WEOTAzAb1uV6K49b,2025-05-21 17:54:16,2.00,0.00,usd,true,2.00,0.00,usd,,Payment for invoice 000090,0.10,,ADVANCED TECH CENTER,Paid,Payment complete.,0.00,card_1RRGqKB4WEOTAzAbEVgpuob3,cus_SIwsiRUiRtZHWs,,auto.generated@pos.payment,,po_1RRNg4B4WEOTAzAb1IhZRQxV,6825ae6c-3b7b-4f1e-b879-9027e911d1f2,682e1332630d833cf9577eda,SM-G975U1,000090,com.gohighlevel,Zksj53iga8hYgcS6RbXd,12,android,vgEeFvUnX3d9YGEkXZOc,3.98.1,743
ch_3RRGkYB4WEOTAzAb0gdYvcTJ,2025-05-21 17:48:25,3.50,0.00,usd,true,3.50,0.00,usd,,Payment for invoice 000089,0.14,,ADVANCED TECH CENTER,Paid,Payment complete.,0.00,card_1RRGkfB4WEOTAzAbMMGSrE3s,cus_SIwsiRUiRtZHWs,,auto.generated@pos.payment,,po_1RRNg4B4WEOTAzAb1IhZRQxV,6825ae6c-3b7b-4f1e-b879-9027e911d1f2,682e11e1887bf42bcb3ae753,SM-G975U1,000089,com.gohighlevel,Zksj53iga8hYgcS6RbXd,12,android,vgEeFvUnX3d9YGEkXZOc,3.98.1,743
ch_3RRGXpB4WEOTAzAb1odCVfk8,2025-05-21 17:35:17,0.50,0.00,usd,true,0.50,0.00,usd,,Payment for invoice 000085,0.06,,ADVANCED TECH CENTER,Paid,Payment complete.,0.00,card_1RRGXxB4WEOTAzAb16rslVgd,cus_SIwsiRUiRtZHWs,,auto.generated@pos.payment,,po_1RRNg4B4WEOTAzAb1IhZRQxV,0e40f952-7841-4faf-91b5-5b5d2ad970e1,682e0ecd887bf4b1f83ae4f7,iPhone,000085,com.gohighlevel.reviews,Zksj53iga8hYgcS6RbXd,18.5,ios,2HZBJVUfBDHMvaKBevi4,3.98.1,743
ch_3RRFygB4WEOTAzAb1tV9qvxw,2025-05-21 16:58:53,2.00,0.00,usd,true,2.00,0.00,usd,,Payment for invoice 000082,0.10,,ADVANCED TECH CENTER,Paid,Payment complete.,0.00,card_1RRFyjB4WEOTAzAbU76AZrk2,cus_SIwsiRUiRtZHWs,,auto.generated@pos.payment,,po_1RRNg4B4WEOTAzAb1IhZRQxV,0e40f952-7841-4faf-91b5-5b5d2ad970e1,682e0649887bf403c43adf6b,iPhone,000082,com.gohighlevel.reviews,Zksj53iga8hYgcS6RbXd,18.5,ios,2HZBJVUfBDHMvaKBevi4,3.98.1,743
ch_3RRFMFB4WEOTAzAb08Rp7kJk,2025-05-21 16:19:11,2.00,0.00,usd,true,2.00,0.00,usd,,Payment for invoice 000081,0.10,,ADVANCED TECH CENTER,Paid,Payment complete.,0.00,card_1RRFMJB4WEOTAzAbo7ovDzG9,cus_SIwsiRUiRtZHWs,,auto.generated@pos.payment,,po_1RRNg4B4WEOTAzAb1IhZRQxV,0e40f952-7841-4faf-91b5-5b5d2ad970e1,682dfcfa630d8345cf576fb9,iPhone,000081,com.gohighlevel.reviews,Zksj53iga8hYgcS6RbXd,18.5,ios,2HZBJVUfBDHMvaKBevi4,3.98.1,743
ch_3RRF5HB4WEOTAzAb0MsmzsaP,2025-05-21 16:01:39,1.50,0.00,usd,true,1.50,0.00,usd,,Payment for invoice 000078,0.09,,ADVANCED TECH CENTER,Paid,Payment complete.,0.00,card_1RRF5LB4WEOTAzAbZUTDYVzM,cus_SIwsiRUiRtZHWs,,auto.generated@pos.payment,,po_1RRNg4B4WEOTAzAb1IhZRQxV,0e40f952-7841-4faf-91b5-5b5d2ad970e1,682df8de630d835713576d16,iPhone,000078,com.gohighlevel.reviews,Zksj53iga8hYgcS6RbXd,18.5,ios,2HZBJVUfBDHMvaKBevi4,3.98.1,743
ch_3RRF3PB4WEOTAzAb1rrYa7eb,2025-05-21 15:59:50,1.00,0.00,usd,true,1.00,0.00,usd,,Payment for invoice 000077,0.08,,ADVANCED TECH CENTER,Paid,Payment complete.,0.00,card_1RRF3aB4WEOTAzAbPlNZlSNw,cus_SIwsiRUiRtZHWs,,auto.generated@pos.payment,,po_1RRNg4B4WEOTAzAb1IhZRQxV,0e40f952-7841-4faf-91b5-5b5d2ad970e1,682df86b887bf46ba13ad546,iPhone,000077,com.gohighlevel.reviews,Zksj53iga8hYgcS6RbXd,18.5,ios,2HZBJVUfBDHMvaKBevi4,3.98.1,743
ch_3RRF2ZB4WEOTAzAb09a3KUVy,2025-05-21 15:58:54,1.00,0.00,usd,true,1.00,0.00,usd,,Payment for invoice 000076,0.08,,ADVANCED TECH CENTER,Paid,Payment complete.,0.00,card_1RRF2gB4WEOTAzAbp6iyr2gc,cus_SIwsiRUiRtZHWs,,auto.generated@pos.payment,,po_1RRNg4B4WEOTAzAb1IhZRQxV,0e40f952-7841-4faf-91b5-5b5d2ad970e1,682df837887bf46e533ad525,iPhone,000076,com.gohighlevel.reviews,Zksj53iga8hYgcS6RbXd,18.5,ios,2HZBJVUfBDHMvaKBevi4,3.98.1,743
ch_3RRF0OB4WEOTAzAb019l7NvY,2025-05-21 15:57:08,2.50,0.00,usd,true,2.50,0.00,usd,,Payment for invoice 000075,0.12,,ADVANCED TECH CENTER,Paid,Payment complete.,0.00,card_1RRF0yB4WEOTAzAbJK7XIzkO,cus_SIwsiRUiRtZHWs,,auto.generated@pos.payment,,po_1RRNg4B4WEOTAzAb1IhZRQxV,0e40f952-7841-4faf-91b5-5b5d2ad970e1,682df7af887bf4d25d3ad4f2,iPhone,000075,com.gohighlevel.reviews,Zksj53iga8hYgcS6RbXd,18.5,ios,2HZBJVUfBDHMvaKBevi4,3.98.1,743
ch_3RRBfiB4WEOTAzAb1kbMCP1P,2025-05-21 12:23:11,3.00,0.00,usd,true,3.00,0.00,usd,,Payment for invoice 000073,0.13,,ADVANCED TECH CENTER,Paid,Payment complete.,0.00,card_1RRBfuB4WEOTAzAbfK5mLcXV,cus_SIwsiRUiRtZHWs,,auto.generated@pos.payment,,po_1RRNg4B4WEOTAzAb1IhZRQxV,b2e7e247-f4d8-4a4d-aa5f-81cc8e555caa,682dc5a1ed57fbbae34905b3,iPhone,000073,com.gohighlevel.reviews,Zksj53iga8hYgcS6RbXd,18.4.1,ios,15s37xHOdcoGGr1fvZMd,3.98.1,743
ch_3RQv8JB4WEOTAzAb0HAUJyY7,2025-05-20 18:43:38,2.00,0.00,usd,true,2.00,0.00,usd,,Payment for invoice 000072,0.10,,ADVANCED TECH CENTER,Paid,Payment complete.,0.00,card_1RQv8YB4WEOTAzAb2V4lkVe5,cus_SIwsiRUiRtZHWs,,auto.generated@pos.payment,,po_1RR1I8B4WEOTAzAbKMGjhiQR,0e40f952-7841-4faf-91b5-5b5d2ad970e1,682ccd4989f3abd8758384c7,iPhone,000072,com.gohighlevel.reviews,Zksj53iga8hYgcS6RbXd,18.5,ios,2HZBJVUfBDHMvaKBevi4,3.98.1,743
ch_3RQv7dB4WEOTAzAb0qNeP5Ox,2025-05-20 18:42:44,2.50,0.00,usd,true,2.50,0.00,usd,,Payment for invoice 000071,0.12,,ADVANCED TECH CENTER,Paid,Payment complete.,0.00,card_1RQv7gB4WEOTAzAbMdoKd4FU,cus_SIwsiRUiRtZHWs,,auto.generated@pos.payment,,po_1RR1I8B4WEOTAzAbKMGjhiQR,0e40f952-7841-4faf-91b5-5b5d2ad970e1,682ccd20d9bb00a85ee174d1,iPhone,000071,com.gohighlevel.reviews,Zksj53iga8hYgcS6RbXd,18.5,ios,2HZBJVUfBDHMvaKBevi4,3.98.1,743
ch_3RQv6eB4WEOTAzAb1xandPkU,2025-05-20 18:41:56,2.50,0.00,usd,true,2.50,0.00,usd,,Payment for invoice 000070,0.12,,ADVANCED TECH CENTER,Paid,Payment complete.,0.00,card_1RQv6uB4WEOTAzAb3K4fLfgC,cus_SIwsiRUiRtZHWs,,auto.generated@pos.payment,,po_1RR1I8B4WEOTAzAbKMGjhiQR,0e40f952-7841-4faf-91b5-5b5d2ad970e1,682ccce33ed792a94e4d4488,iPhone,000070,com.gohighlevel.reviews,Zksj53iga8hYgcS6RbXd,18.5,ios,2HZBJVUfBDHMvaKBevi4,3.98.1,743
ch_3RQuumB4WEOTAzAb0WgPs46w,2025-05-20 18:29:32,2.00,0.00,usd,true,2.00,0.00,usd,,Payment for invoice 000068,0.10,,ADVANCED TECH CENTER,Paid,Payment complete.,0.00,card_1RQuuuB4WEOTAzAb9FsVl1Dg,cus_SIwsiRUiRtZHWs,,auto.generated@pos.payment,,po_1RR1I8B4WEOTAzAbKMGjhiQR,0e40f952-7841-4faf-91b5-5b5d2ad970e1,682cca0389f3abf072838350,iPhone,000068,com.gohighlevel.reviews,Zksj53iga8hYgcS6RbXd,18.5,ios,2HZBJVUfBDHMvaKBevi4,3.98.1,743
ch_3RQpF4B4WEOTAzAb02KM4KEt,2025-05-20 12:26:02,1.50,0.00,usd,true,1.50,0.00,usd,,Payment for invoice 000066,0.09,,ADVANCED TECH CENTER,Paid,Payment complete.,0.00,card_1RQpF8B4WEOTAzAbfKOJOa0P,cus_SIwsiRUiRtZHWs,,auto.generated@pos.payment,,po_1RR1I8B4WEOTAzAbKMGjhiQR,e5570618-747c-4dfc-9172-c70ca4f1be31,682c74d589f3ab80d2835391,iPhone,000066,com.gohighlevel.reviews,Zksj53iga8hYgcS6RbXd,18.4.1,ios,0jBYAupYsfpsgWnB2ev4,3.97.3,740
ch_3RQpCbB4WEOTAzAb1DwjFsrD,2025-05-20 12:23:29,2.00,0.00,usd,true,2.00,0.00,usd,,Payment for invoice 000065,0.10,,ADVANCED TECH CENTER,Paid,Payment complete.,0.00,card_1RQpCfB4WEOTAzAbl67IcBkO,cus_SIwsiRUiRtZHWs,,auto.generated@pos.payment,,po_1RR1I8B4WEOTAzAbKMGjhiQR,b2e7e247-f4d8-4a4d-aa5f-81cc8e555caa,682c743c89f3ab0970835288,iPhone,000065,com.gohighlevel.reviews,Zksj53iga8hYgcS6RbXd,18.4.1,ios,15s37xHOdcoGGr1fvZMd,3.98.1,743
ch_3RQpADB4WEOTAzAb16bWfSmv,2025-05-20 12:21:00,5.50,0.00,usd,true,5.50,0.00,usd,,Payment for invoice 000063,0.20,,ADVANCED TECH CENTER,Paid,Payment complete.,0.00,card_1RQpAGB4WEOTAzAbrO53sWGU,cus_SIwsiRUiRtZHWs,,auto.generated@pos.payment,,po_1RR1I8B4WEOTAzAbKMGjhiQR,e5570618-747c-4dfc-9172-c70ca4f1be31,682c73a8d9bb003f8be14273,iPhone,000063,com.gohighlevel.reviews,Zksj53iga8hYgcS6RbXd,18.4.1,ios,0jBYAupYsfpsgWnB2ev4,3.97.3,740
ch_3RQp9YB4WEOTAzAb0HxaIYJ0,2025-05-20 12:20:28,2.00,0.00,usd,true,2.00,0.00,usd,,Payment for invoice 000062,0.10,,ADVANCED TECH CENTER,Paid,Payment complete.,0.00,card_1RQp9kB4WEOTAzAbWGXkvMpu,cus_SIwsiRUiRtZHWs,,auto.generated@pos.payment,,po_1RR1I8B4WEOTAzAbKMGjhiQR,b2e7e247-f4d8-4a4d-aa5f-81cc8e555caa,682c737f89f3ab30798351e5,iPhone,000062,com.gohighlevel.reviews,Zksj53iga8hYgcS6RbXd,18.4.1,ios,15s37xHOdcoGGr1fvZMd,3.98.1,743
ch_3RQp8HB4WEOTAzAb0PihykbZ,2025-05-20 12:19:31,1.50,0.00,usd,true,1.50,0.00,usd,,Payment for invoice 000060,0.09,,ADVANCED TECH CENTER,Paid,Payment complete.,0.00,card_1RQp8pB4WEOTAzAbbEc5lkvs,cus_SIwsiRUiRtZHWs,,auto.generated@pos.payment,,po_1RR1I8B4WEOTAzAbKMGjhiQR,b2e7e247-f4d8-4a4d-aa5f-81cc8e555caa,682c733089f3ab5c6783517c,iPhone,000060,com.gohighlevel.reviews,Zksj53iga8hYgcS6RbXd,18.4.1,ios,15s37xHOdcoGGr1fvZMd,3.98.1,743
ch_3RQp7QB4WEOTAzAb1jreF9pX,2025-05-20 12:18:08,0.50,0.00,usd,true,0.50,0.00,usd,,Payment for invoice 000059,0.06,,ADVANCED TECH CENTER,Paid,Payment complete.,0.00,card_1RQp7UB4WEOTAzAbsMVKNb0C,cus_SIwsiRUiRtZHWs,,auto.generated@pos.payment,,po_1RR1I8B4WEOTAzAbKMGjhiQR,e5570618-747c-4dfc-9172-c70ca4f1be31,682c72fbd9bb006ed5e141b3,iPhone,000059,com.gohighlevel.reviews,Zksj53iga8hYgcS6RbXd,18.4.1,ios,0jBYAupYsfpsgWnB2ev4,3.97.3,740
ch_3RQp6GB4WEOTAzAb1pEaxBqH,2025-05-20 12:16:56,1.50,0.00,usd,true,1.50,0.00,usd,,Payment for invoice 000057,0.09,,ADVANCED TECH CENTER,Paid,Payment complete.,0.00,card_1RQp6JB4WEOTAzAbNm1zPtsq,cus_SIwsiRUiRtZHWs,,auto.generated@pos.payment,,po_1RR1I8B4WEOTAzAbKMGjhiQR,e5570618-747c-4dfc-9172-c70ca4f1be31,682c72b3d9bb0066f2e14159,iPhone,000057,com.gohighlevel.reviews,Zksj53iga8hYgcS6RbXd,18.4.1,ios,0jBYAupYsfpsgWnB2ev4,3.97.3,740
ch_3RQp4bB4WEOTAzAb0r8vxfLo,2025-05-20 12:15:18,2.00,0.00,usd,true,2.00,0.00,usd,,Payment for invoice 000055,0.10,,ADVANCED TECH CENTER,Paid,Payment complete.,0.00,card_1RQp4kB4WEOTAzAbYyefB6kN,cus_SIwsiRUiRtZHWs,,auto.generated@pos.payment,,po_1RR1I8B4WEOTAzAbKMGjhiQR,b2e7e247-f4d8-4a4d-aa5f-81cc8e555caa,682c724cd9bb001ffee140f6,iPhone,000055,com.gohighlevel.reviews,Zksj53iga8hYgcS6RbXd,18.4.1,ios,15s37xHOdcoGGr1fvZMd,3.98.1,743
ch_3RQa3iB4WEOTAzAb1Lez3yQk,2025-05-19 20:13:24,1.00,0.00,usd,true,1.00,0.00,usd,,Payment for invoice 000054,0.08,,ADVANCED TECH CENTER,Paid,Payment complete.,0.00,card_1RQa3sB4WEOTAzAbe2kXsfuH,cus_SIwsiRUiRtZHWs,,auto.generated@pos.payment,,po_1RQex3B4WEOTAzAbebrnJjWX,0e40f952-7841-4faf-91b5-5b5d2ad970e1,682b90d9d9bb002bd5e0f34e,iPhone,000054,com.gohighlevel.reviews,Zksj53iga8hYgcS6RbXd,18.5,ios,2HZBJVUfBDHMvaKBevi4,3.98.1,743
ch_3RQYeaB4WEOTAzAb1840Fiob,2025-05-19 18:43:15,1.00,0.00,usd,true,1.00,0.00,usd,,Payment for invoice 000053,0.08,,ADVANCED TECH CENTER,Paid,Payment complete.,0.00,card_1RQYedB4WEOTAzAb1glpe1IS,cus_SIwsiRUiRtZHWs,,auto.generated@pos.payment,,po_1RQex3B4WEOTAzAbebrnJjWX,0e40f952-7841-4faf-91b5-5b5d2ad970e1,682b7bbe8dabb44cda60b94a,iPhone,000053,com.gohighlevel.reviews,Zksj53iga8hYgcS6RbXd,18.5,ios,2HZBJVUfBDHMvaKBevi4,3.98.1,743
ch_3RQYdpB4WEOTAzAb0NN8qwPq,2025-05-19 18:42:28,1.00,0.00,usd,true,1.00,0.00,usd,,Payment for invoice 000052,0.08,,ADVANCED TECH CENTER,Paid,Payment complete.,0.00,card_1RQYdsB4WEOTAzAbp9SQ7PQO,cus_SIwsiRUiRtZHWs,,auto.generated@pos.payment,,po_1RQex3B4WEOTAzAbebrnJjWX,0e40f952-7841-4faf-91b5-5b5d2ad970e1,682b7b90588ea93effef1455,iPhone,000052,com.gohighlevel.reviews,Zksj53iga8hYgcS6RbXd,18.5,ios,2HZBJVUfBDHMvaKBevi4,3.98.1,743
ch_3RQYdNB4WEOTAzAb12yLjusJ,2025-05-19 18:42:01,3.00,0.00,usd,true,3.00,0.00,usd,,Payment for invoice 000051,0.13,,ADVANCED TECH CENTER,Paid,Payment complete.,0.00,card_1RQYdQB4WEOTAzAb3P6ZPfVi,cus_SIwsiRUiRtZHWs,,auto.generated@pos.payment,,po_1RQex3B4WEOTAzAbebrnJjWX,0e40f952-7841-4faf-91b5-5b5d2ad970e1,682b7b74ad906c6b2e867370,iPhone,000051,com.gohighlevel.reviews,Zksj53iga8hYgcS6RbXd,18.5,ios,2HZBJVUfBDHMvaKBevi4,3.98.1,743
ch_3RQYcTB4WEOTAzAb1yzU7T8B,2025-05-19 18:41:06,3.50,0.00,usd,true,3.50,0.00,usd,,Payment for invoice 000049,0.14,,ADVANCED TECH CENTER,Paid,Payment complete.,0.00,card_1RQYcXB4WEOTAzAb2zbODmXE,cus_SIwsiRUiRtZHWs,,auto.generated@pos.payment,,po_1RQex3B4WEOTAzAbebrnJjWX,0e40f952-7841-4faf-91b5-5b5d2ad970e1,682b7b3b8dabb4e88260b8de,iPhone,000049,com.gohighlevel.reviews,Zksj53iga8hYgcS6RbXd,18.5,ios,2HZBJVUfBDHMvaKBevi4,3.98.1,743
ch_3RQYb8B4WEOTAzAb0ZtAK9w5,2025-05-19 18:39:48,1.50,0.00,usd,true,1.50,0.00,usd,,Payment for invoice 000048,0.09,,ADVANCED TECH CENTER,Paid,Payment complete.,0.00,card_1RQYbIB4WEOTAzAbFYwRe3nV,cus_SIwsiRUiRtZHWs,,auto.generated@pos.payment,,po_1RQex3B4WEOTAzAbebrnJjWX,0e40f952-7841-4faf-91b5-5b5d2ad970e1,682b7ae9ad906cf7b5867307,iPhone,000048,com.gohighlevel.reviews,Zksj53iga8hYgcS6RbXd,18.5,ios,2HZBJVUfBDHMvaKBevi4,3.98.1,743
ch_3RQYVqB4WEOTAzAb1JToS97Z,2025-05-19 18:34:14,2.00,0.00,usd,true,2.00,0.00,usd,,Payment for invoice 000047,0.10,,ADVANCED TECH CENTER,Paid,Payment complete.,0.00,card_1RQYVuB4WEOTAzAbRilMDImU,cus_SIwsiRUiRtZHWs,,auto.generated@pos.payment,,po_1RQex3B4WEOTAzAbebrnJjWX,0e40f952-7841-4faf-91b5-5b5d2ad970e1,682b79a1588ea92f16ef12da,iPhone,000047,com.gohighlevel.reviews,Zksj53iga8hYgcS6RbXd,18.5,ios,2HZBJVUfBDHMvaKBevi4,3.98.1,743
ch_3RQYUWB4WEOTAzAb1XElrNYH,2025-05-19 18:33:05,2.00,0.00,usd,true,2.00,0.00,usd,,Payment for invoice 000046,0.10,,ADVANCED TECH CENTER,Paid,Payment complete.,0.00,card_1RQYUnB4WEOTAzAbbRYA3kcX,cus_SIwsiRUiRtZHWs,,auto.generated@pos.payment,,po_1RQex3B4WEOTAzAbebrnJjWX,0e40f952-7841-4faf-91b5-5b5d2ad970e1,682b794fad906c022c867148,iPhone,000046,com.gohighlevel.reviews,Zksj53iga8hYgcS6RbXd,18.5,ios,2HZBJVUfBDHMvaKBevi4,3.98.1,743
ch_3RQYQfB4WEOTAzAb0cWqaxkD,2025-05-19 18:29:03,1.00,0.00,usd,true,1.00,0.00,usd,,Payment for invoice 000044,0.08,,ADVANCED TECH CENTER,Paid,Payment complete.,0.00,card_1RQYQtB4WEOTAzAbvPPTaabg,cus_SIwsiRUiRtZHWs,,auto.generated@pos.payment,,po_1RQex3B4WEOTAzAbebrnJjWX,0e40f952-7841-4faf-91b5-5b5d2ad970e1,682b785ed9bb00bc90e0e17e,iPhone,000044,com.gohighlevel.reviews,Zksj53iga8hYgcS6RbXd,18.5,ios,2HZBJVUfBDHMvaKBevi4,3.98.1,743
ch_3RQSrQB4WEOTAzAb17IF0aQf,2025-05-19 12:32:10,3.00,0.00,usd,true,3.00,0.00,usd,,Payment for invoice 000038,0.13,,ADVANCED TECH CENTER,Paid,Payment complete.,0.00,card_1RQSrWB4WEOTAzAbHzReAHvG,cus_SIwsiRUiRtZHWs,,auto.generated@pos.payment,,po_1RQex3B4WEOTAzAbebrnJjWX,b2e7e247-f4d8-4a4d-aa5f-81cc8e555caa,682b24c38dabb48e0e606da7,iPhone,000038,com.gohighlevel.reviews,Zksj53iga8hYgcS6RbXd,18.4.1,ios,15s37xHOdcoGGr1fvZMd,3.98.1,743
ch_3RQSqkB4WEOTAzAb0ZB5rOcT,2025-05-19 12:31:34,5.00,0.00,usd,true,5.00,0.00,usd,,Payment for invoice 000037,0.19,,ADVANCED TECH CENTER,Paid,Payment complete.,0.00,card_1RQSqwB4WEOTAzAb47khQ4uN,cus_SIwsiRUiRtZHWs,,auto.generated@pos.payment,,po_1RQex3B4WEOTAzAbebrnJjWX,e5570618-747c-4dfc-9172-c70ca4f1be31,682b24998dabb4717d606d6a,iPhone,000037,com.gohighlevel.reviews,Zksj53iga8hYgcS6RbXd,18.4.1,ios,0jBYAupYsfpsgWnB2ev4,3.97.3,740
ch_3RQSoOB4WEOTAzAb0zSl67WE,2025-05-19 12:29:04,1.00,0.00,usd,true,1.00,0.00,usd,,Payment for invoice 000036,0.08,,ADVANCED TECH CENTER,Paid,Payment complete.,0.00,card_1RQSoWB4WEOTAzAbNkNwFQth,cus_SIwsiRUiRtZHWs,,auto.generated@pos.payment,,po_1RQex3B4WEOTAzAbebrnJjWX,e5570618-747c-4dfc-9172-c70ca4f1be31,682b2407086bfac59b6a483e,iPhone,000036,com.gohighlevel.reviews,Zksj53iga8hYgcS6RbXd,18.4.1,ios,0jBYAupYsfpsgWnB2ev4,3.97.3,740
ch_3RQSk5B4WEOTAzAb02AwX5gI,2025-05-19 12:24:39,2.00,0.00,usd,true,2.00,0.00,usd,,Payment for invoice 000034,0.10,,ADVANCED TECH CENTER,Paid,Payment complete.,0.00,card_1RQSkFB4WEOTAzAbX0lX61Gc,cus_SIwsiRUiRtZHWs,,auto.generated@pos.payment,,po_1RQex3B4WEOTAzAbebrnJjWX,e5570618-747c-4dfc-9172-c70ca4f1be31,682b22fb8dabb4ae13606b55,iPhone,000034,com.gohighlevel.reviews,Zksj53iga8hYgcS6RbXd,18.4.1,ios,0jBYAupYsfpsgWnB2ev4,3.97.3,740
ch_3RQSfTB4WEOTAzAb0iUWV9CU,2025-05-19 12:19:53,1.00,0.00,usd,true,1.00,0.00,usd,,Payment for invoice 000031,0.08,,ADVANCED TECH CENTER,Paid,Payment complete.,0.00,card_1RQSfdB4WEOTAzAbtwrCEr5Q,cus_SIwsiRUiRtZHWs,,auto.generated@pos.payment,,po_1RQex3B4WEOTAzAbebrnJjWX,b2e7e247-f4d8-4a4d-aa5f-81cc8e555caa,682b21de8dabb46385606a2e,iPhone,000031,com.gohighlevel.reviews,Zksj53iga8hYgcS6RbXd,18.4.1,ios,15s37xHOdcoGGr1fvZMd,3.98.1,743
ch_3RP6leB4WEOTAzAb1Wz3Vl2Q,2025-05-15 18:44:34,1.50,0.00,usd,true,1.50,0.00,usd,,Payment for invoice 000027,0.09,,ADVANCED TECH CENTER,Paid,Payment complete.,0.00,card_1RP6liB4WEOTAzAbTxIOaVXV,cus_SIwsiRUiRtZHWs,,auto.generated@pos.payment,,po_1RQI9CB4WEOTAzAbKI82bxdY,0e40f952-7841-4faf-91b5-5b5d2ad970e1,682635f991ca59d52bb18300,iPhone,000027,com.gohighlevel.reviews,Zksj53iga8hYgcS6RbXd,18.5,ios,2HZBJVUfBDHMvaKBevi4,3.98.1,743
ch_3RP6hkB4WEOTAzAb0FCucvyd,2025-05-15 18:40:33,1.50,0.00,usd,true,1.50,0.00,usd,,Payment for invoice 000026,0.09,,ADVANCED TECH CENTER,Paid,Payment complete.,0.00,card_1RP6hpB4WEOTAzAb4ITUS5ZO,cus_SIwsiRUiRtZHWs,,auto.generated@pos.payment,,po_1RQI9CB4WEOTAzAbKI82bxdY,0e40f952-7841-4faf-91b5-5b5d2ad970e1,6826351b96e53436d95f0b55,iPhone,000026,com.gohighlevel.reviews,Zksj53iga8hYgcS6RbXd,18.5,ios,2HZBJVUfBDHMvaKBevi4,3.98.1,743
ch_3RP6gyB4WEOTAzAb0FOZznno,2025-05-15 18:39:44,2.00,0.00,usd,true,2.00,0.00,usd,,Payment for invoice 000024,0.10,,ADVANCED TECH CENTER,Paid,Payment complete.,0.00,card_1RP6h2B4WEOTAzAbeVcM22qb,cus_SIwsiRUiRtZHWs,,auto.generated@pos.payment,,po_1RQI9CB4WEOTAzAbKI82bxdY,0e40f952-7841-4faf-91b5-5b5d2ad970e1,682634eb96e534bfc15f0ad1,iPhone,000024,com.gohighlevel.reviews,Zksj53iga8hYgcS6RbXd,18.5,ios,2HZBJVUfBDHMvaKBevi4,3.98.1,743
ch_3RP6enB4WEOTAzAb1vB0xED5,2025-05-15 18:37:31,1.00,0.00,usd,true,1.00,0.00,usd,,Payment for invoice 000022,0.08,,ADVANCED TECH CENTER,Paid,Payment complete.,0.00,card_1RP6etB4WEOTAzAbpOuNJX2i,cus_SIwsiRUiRtZHWs,,auto.generated@pos.payment,,po_1RQI9CB4WEOTAzAbKI82bxdY,0e40f952-7841-4faf-91b5-5b5d2ad970e1,682634636489406c3ad0aca6,iPhone,000022,com.gohighlevel.reviews,Zksj53iga8hYgcS6RbXd,18.5,ios,2HZBJVUfBDHMvaKBevi4,3.98.1,743
ch_3RP6eDB4WEOTAzAb19EJjtS1,2025-05-15 18:36:54,1.50,0.00,usd,true,1.50,0.00,usd,,Payment for invoice 000021,0.09,,ADVANCED TECH CENTER,Paid,Payment complete.,0.00,card_1RP6eIB4WEOTAzAbkcqULweV,cus_SIwsiRUiRtZHWs,,auto.generated@pos.payment,,po_1RQI9CB4WEOTAzAbKI82bxdY,0e40f952-7841-4faf-91b5-5b5d2ad970e1,6826344096e53437d05f0a53,iPhone,000021,com.gohighlevel.reviews,Zksj53iga8hYgcS6RbXd,18.5,ios,2HZBJVUfBDHMvaKBevi4,3.98.1,743
ch_3RP6daB4WEOTAzAb0QhO3kI9,2025-05-15 18:36:13,4.00,0.00,usd,true,4.00,0.00,usd,,Payment for invoice 000019,0.16,,ADVANCED TECH CENTER,Paid,Payment complete.,0.00,card_1RP6ddB4WEOTAzAbjite3cPp,cus_SIwsiRUiRtZHWs,,auto.generated@pos.payment,,po_1RQI9CB4WEOTAzAbKI82bxdY,0e40f952-7841-4faf-91b5-5b5d2ad970e1,682634190b35859889d6da12,iPhone,000019,com.gohighlevel.reviews,Zksj53iga8hYgcS6RbXd,18.5,ios,2HZBJVUfBDHMvaKBevi4,3.98.1,743
ch_3RP6b6B4WEOTAzAb0J8PyAak,2025-05-15 18:33:42,3.00,0.00,usd,true,3.00,0.00,usd,,Payment for invoice 000015,0.13,,ADVANCED TECH CENTER,Paid,Payment complete.,0.00,card_1RP6bBB4WEOTAzAbM5BHEg3A,cus_SIwsiRUiRtZHWs,,auto.generated@pos.payment,,po_1RQI9CB4WEOTAzAbKI82bxdY,0e40f952-7841-4faf-91b5-5b5d2ad970e1,6826337f0b35858438d6d947,iPhone,000015,com.gohighlevel.reviews,Zksj53iga8hYgcS6RbXd,18.5,ios,2HZBJVUfBDHMvaKBevi4,3.98.1,743
ch_3RP6YnB4WEOTAzAb1mV2KqrZ,2025-05-15 18:31:18,3.00,0.00,usd,true,3.00,0.00,usd,,Payment for invoice 000013,0.13,,ADVANCED TECH CENTER,Paid,Payment complete.,0.00,card_1RP6YsB4WEOTAzAbzqvj7ADP,cus_SIwsiRUiRtZHWs,,auto.generated@pos.payment,,po_1RQI9CB4WEOTAzAbKI82bxdY,0e40f952-7841-4faf-91b5-5b5d2ad970e1,682632f06489400242d0ab38,iPhone,000013,com.gohighlevel.reviews,Zksj53iga8hYgcS6RbXd,18.5,ios,2HZBJVUfBDHMvaKBevi4,3.98.1,743
ch_3ROgEvB4WEOTAzAb1NEKAnsF,2025-05-14 14:25:01,6.00,0.00,usd,true,6.00,0.00,usd,,Payment for invoice 000011,0.21,,ADVANCED TECH CENTER,Paid,Payment complete.,0.00,card_1ROgEzB4WEOTAzAbci78w6N9,cus_SIwsiRUiRtZHWs,,auto.generated@pos.payment,,po_1RQI9CB4WEOTAzAbKI82bxdY,0e40f952-7841-4faf-91b5-5b5d2ad970e1,6824a7b80177e2c7fe9619d3,iPhone,000011,com.gohighlevel.reviews,Zksj53iga8hYgcS6RbXd,18.5,ios,2HZBJVUfBDHMvaKBevi4,3.98.1,743
ch_3ROON4B4WEOTAzAb0dJzPZJD,2025-05-13 19:20:21,0.50,0.00,usd,true,0.50,0.00,usd,,Payment for invoice 000010,0.06,,ADVANCED TECH CENTER,Paid,Payment complete.,0.00,card_1ROONFB4WEOTAzAbp0wdxBR0,cus_SIwsiRUiRtZHWs,,auto.generated@pos.payment,,po_1RQI9CB4WEOTAzAbKI82bxdY,0e40f952-7841-4faf-91b5-5b5d2ad970e1,68239b691f7ac975f719e80c,iPhone,000010,com.gohighlevel.reviews,Zksj53iga8hYgcS6RbXd,18.5,ios,2HZBJVUfBDHMvaKBevi4,3.98.1,743
ch_3ROLJMB4WEOTAzAb1DqW2A9G,2025-05-13 16:04:31,0.50,0.00,usd,true,0.50,0.00,usd,,Payment for invoice 000008,0.06,,ADVANCED TECH CENTER,Paid,Payment complete.,0.00,card_1ROLJiB4WEOTAzAbHxEmiDyD,cus_SIwsiRUiRtZHWs,,auto.generated@pos.payment,,po_1RQI9CB4WEOTAzAbKI82bxdY,0e40f952-7841-4faf-91b5-5b5d2ad970e1,68236d77d9b0d51f140e1a07,iPhone,000008,com.gohighlevel.reviews,Zksj53iga8hYgcS6RbXd,18.5,ios,2HZBJVUfBDHMvaKBevi4,3.98.1,743
