id,Created date (UTC),Amount,Amount Refunded,Currency,Captured,Converted Amount,Converted Amount Refunded,Converted Currency,Decline Reason,Description,Fee,Refunded date (UTC),Statement Descriptor,Status,Seller Message,Taxes On Fee,Card ID,Customer ID,Customer Description,Customer Email,Invoice ID,Transfer,deviceName (metadata),locationId (metadata),deviceId (metadata),appBundleId (metadata),appVersion (metadata),appBuildNumber (metadata),osVersion (metadata),paymentRecordedBy (metadata),os (metadata),invoiceId (metadata),invoiceNumber (metadata)
ch_3RPOExADru8LAtyC1Z1XSFyz,2025-05-16 13:24:10,2.00,0.00,usd,true,2.00,0.00,usd,,Payment for invoice 000344,0.10,,SPARTY BOX,Paid,Payment complete.,0.00,card_1RPOFCADru8LAtyCba9Cv2eF,cus_RQHIjsDcqZCJK7,,auto.generated@pos.payment,,po_1RQI7aADru8LAtyCZonDfXHm,iPhone,DBM3y5pTClpRimE1VAVS,a93ebf99-43fb-4095-bb18-9385571dc012,com.gohighlevel.reviews,3.97.3,740,18.3.2,eu3zPHKVX8g7tkaNLpmZ,ios,68273c6a91ca593983b1d030,000344
ch_3RPO6DADru8LAtyC0JMmkQwl,2025-05-16 13:14:56,1.00,0.00,usd,true,1.00,0.00,usd,,Payment for invoice 000342,0.08,,SPARTY BOX,Paid,Payment complete.,0.00,card_1RPO6GADru8LAtyC1us52WmI,cus_RQHIjsDcqZCJK7,,auto.generated@pos.payment,,po_1RQI7aADru8LAtyCZonDfXHm,iPhone,DBM3y5pTClpRimE1VAVS,a93ebf99-43fb-4095-bb18-9385571dc012,com.gohighlevel.reviews,3.97.3,740,18.3.2,eu3zPHKVX8g7tkaNLpmZ,ios,68273a4c91ca59c584b1cfe6,000342
ch_3RPO4rADru8LAtyC0tMrI96t,2025-05-16 13:13:34,4.00,0.00,usd,true,4.00,0.00,usd,,Payment for invoice 000341,0.16,,SPARTY BOX,Paid,Payment complete.,0.00,card_1RPO4wADru8LAtyCPm2hqztQ,cus_RQHIjsDcqZCJK7,,auto.generated@pos.payment,,po_1RQI7aADru8LAtyCZonDfXHm,iPhone,DBM3y5pTClpRimE1VAVS,a93ebf99-43fb-4095-bb18-9385571dc012,com.gohighlevel.reviews,3.97.3,740,18.3.2,eu3zPHKVX8g7tkaNLpmZ,ios,682739f8974a863d258676c1,000341
ch_3RP6dZADru8LAtyC0IlGqO5c,2025-05-15 18:36:14,2.00,0.00,usd,true,2.00,0.00,usd,,Payment for invoice 000338,0.10,,SPARTY BOX,Paid,Payment complete.,0.00,card_1RP6deADru8LAtyCeb5X8bd8,cus_RQHIjsDcqZCJK7,,auto.generated@pos.payment,,po_1RPvj7ADru8LAtyCyfepNErh,iPhone,DBM3y5pTClpRimE1VAVS,a93ebf99-43fb-4095-bb18-9385571dc012,com.gohighlevel.reviews,3.97.3,740,18.3.2,eu3zPHKVX8g7tkaNLpmZ,ios,6826341891ca596efcb17f90,000338
ch_3RP5XlADru8LAtyC0fPade1x,2025-05-15 17:26:17,1.00,0.00,usd,true,1.00,0.00,usd,,Payment for invoice 000335,0.08,,SPARTY BOX,Paid,Payment complete.,0.00,card_1RP5XxADru8LAtyC0BxTdzvP,cus_RQHIjsDcqZCJK7,,auto.generated@pos.payment,,po_1RPvj7ADru8LAtyCyfepNErh,iPhone,DBM3y5pTClpRimE1VAVS,a93ebf99-43fb-4095-bb18-9385571dc012,com.gohighlevel.reviews,3.97.3,740,18.3.2,eu3zPHKVX8g7tkaNLpmZ,ios,682623ac0b35857b95d6b192,000335
ch_3RP1RgADru8LAtyC18Jmx7Xb,2025-05-15 13:03:37,2.00,0.00,usd,true,2.00,0.00,usd,,Payment for invoice 000333,0.10,,SPARTY BOX,Paid,Payment complete.,0.00,card_1RP1RlADru8LAtyC5Lpscv4u,cus_RQHIjsDcqZCJK7,,auto.generated@pos.payment,,po_1RPvj7ADru8LAtyCyfepNErh,iPhone,DBM3y5pTClpRimE1VAVS,a93ebf99-43fb-4095-bb18-9385571dc012,com.gohighlevel.reviews,3.97.3,740,18.3.2,eu3zPHKVX8g7tkaNLpmZ,ios,6825e62390719374b06cdb4a,000333
ch_3RP1QdADru8LAtyC0py5tsvp,2025-05-15 13:02:31,4.00,0.00,usd,true,4.00,0.00,usd,,Payment for invoice 000332,0.16,,SPARTY BOX,Paid,Payment complete.,0.00,card_1RP1QhADru8LAtyClE4MRbOj,cus_RQHIjsDcqZCJK7,,auto.generated@pos.payment,,po_1RPvj7ADru8LAtyCyfepNErh,iPhone,DBM3y5pTClpRimE1VAVS,a93ebf99-43fb-4095-bb18-9385571dc012,com.gohighlevel.reviews,3.97.3,740,18.3.2,eu3zPHKVX8g7tkaNLpmZ,ios,6825e5e296e5345ab25ea828,000332
ch_3RP1PzADru8LAtyC0elIvTF3,2025-05-15 13:02:08,4.00,0.00,usd,true,4.00,0.00,usd,,Payment for invoice 000331,0.16,,SPARTY BOX,Paid,Payment complete.,0.00,card_1RP1QKADru8LAtyC9hPYd7rF,cus_RQHIjsDcqZCJK7,,auto.generated@pos.payment,,po_1RPvj7ADru8LAtyCyfepNErh,iPhone,DBM3y5pTClpRimE1VAVS,a93ebf99-43fb-4095-bb18-9385571dc012,com.gohighlevel.reviews,3.97.3,740,18.3.2,eu3zPHKVX8g7tkaNLpmZ,ios,6825e5ba96e53461c85ea64e,000331
ch_3ROgQiADru8LAtyC1oGxsupz,2025-05-14 14:37:14,4.00,0.00,usd,true,4.00,0.00,usd,,Payment for invoice 000326,0.16,,SPARTY BOX,Paid,Payment complete.,0.00,card_1ROgQnADru8LAtyCIYi8JDrv,cus_RQHIjsDcqZCJK7,,auto.generated@pos.payment,,po_1ROqGWADru8LAtyCikePXN2J,iPhone,DBM3y5pTClpRimE1VAVS,a93ebf99-43fb-4095-bb18-9385571dc012,com.gohighlevel.reviews,3.97.3,740,18.3.2,eu3zPHKVX8g7tkaNLpmZ,ios,6824aa935ddb8ed580368973,000326
ch_3ROfBIADru8LAtyC0cZxRpcc,2025-05-14 13:17:21,5.00,0.00,usd,true,5.00,0.00,usd,,Payment for invoice 000325,0.19,,SPARTY BOX,Paid,Payment complete.,0.00,card_1ROfBVADru8LAtyCvYBG4UJQ,cus_RQHIjsDcqZCJK7,,auto.generated@pos.payment,,po_1ROqGWADru8LAtyCikePXN2J,iPhone,DBM3y5pTClpRimE1VAVS,a93ebf99-43fb-4095-bb18-9385571dc012,com.gohighlevel.reviews,3.97.3,740,18.3.2,eu3zPHKVX8g7tkaNLpmZ,ios,682497d35ddb8e321b36836b,000325
ch_3ROf6BADru8LAtyC1ED73Bte,2025-05-14 13:11:55,1.00,0.00,usd,true,1.00,0.00,usd,,Payment for invoice 000321,0.08,,SPARTY BOX,Paid,Payment complete.,0.00,card_1ROf6FADru8LAtyC4OhKWOBz,cus_RQHIjsDcqZCJK7,,auto.generated@pos.payment,,po_1ROqGWADru8LAtyCikePXN2J,iPhone,DBM3y5pTClpRimE1VAVS,a93ebf99-43fb-4095-bb18-9385571dc012,com.gohighlevel.reviews,3.97.3,740,18.3.2,eu3zPHKVX8g7tkaNLpmZ,ios,682496965ddb8e199c368340,000321
ch_3RONxTADru8LAtyC1mW0i9sT,2025-05-13 18:53:54,2.00,0.00,usd,true,2.00,0.00,usd,,Payment for invoice 000317,0.10,,SPARTY BOX,Paid,Payment complete.,0.00,card_1RONxeADru8LAtyCdiseRpZz,cus_RQHIjsDcqZCJK7,,auto.generated@pos.payment,,po_1ROTrZADru8LAtyCjKPNIy3D,iPhone,DBM3y5pTClpRimE1VAVS,a93ebf99-43fb-4095-bb18-9385571dc012,com.gohighlevel.reviews,3.97.3,740,18.3.2,eu3zPHKVX8g7tkaNLpmZ,ios,682395361f7ac9ac3d19dffe,000317
ch_3RONDRADru8LAtyC0UtSPQST,2025-05-13 18:06:16,1.00,0.00,usd,true,1.00,0.00,usd,,Payment for invoice 000312,0.08,,SPARTY BOX,Paid,Payment complete.,0.00,card_1RONDYADru8LAtyCMdR6jfmb,cus_RQHIjsDcqZCJK7,,auto.generated@pos.payment,,po_1ROTrZADru8LAtyCjKPNIy3D,iPhone,DBM3y5pTClpRimE1VAVS,a93ebf99-43fb-4095-bb18-9385571dc012,com.gohighlevel.reviews,3.97.3,740,18.3.2,eu3zPHKVX8g7tkaNLpmZ,ios,68238a0e5ddb8e799b35cbda,000312
ch_3RONCcADru8LAtyC0eoBGXmV,2025-05-13 18:05:23,1.00,0.00,usd,true,1.00,0.00,usd,,Payment for invoice 000311,0.08,,SPARTY BOX,Paid,Payment complete.,0.00,card_1RONChADru8LAtyCY6j2P8xj,cus_RQHIjsDcqZCJK7,,auto.generated@pos.payment,,po_1ROTrZADru8LAtyCjKPNIy3D,iPhone,DBM3y5pTClpRimE1VAVS,a93ebf99-43fb-4095-bb18-9385571dc012,com.gohighlevel.reviews,3.97.3,740,18.3.2,eu3zPHKVX8g7tkaNLpmZ,ios,682389dd1f7ac9bfdb19cf57,000311
ch_3ROMPqADru8LAtyC1FKHTa8M,2025-05-13 17:15:09,1.00,0.00,usd,true,1.00,0.00,usd,,Payment for invoice 000308,0.08,,SPARTY BOX,Paid,Payment complete.,0.00,card_1ROMQ5ADru8LAtyCC23gjoqk,cus_RQHIjsDcqZCJK7,,auto.generated@pos.payment,,po_1ROTrZADru8LAtyCjKPNIy3D,iPhone,DBM3y5pTClpRimE1VAVS,a93ebf99-43fb-4095-bb18-9385571dc012,com.gohighlevel.reviews,3.97.3,740,18.3.2,eu3zPHKVX8g7tkaNLpmZ,ios,68237e0d0177e20ac49542a8,000308
ch_3ROIVbADru8LAtyC0vn6yxeM,2025-05-13 13:05:14,2.00,0.00,usd,true,2.00,0.00,usd,,Payment for invoice 000305,0.10,,SPARTY BOX,Paid,Payment complete.,0.00,card_1ROIWEADru8LAtyCXm0JzuJg,cus_RQHIjsDcqZCJK7,,auto.generated@pos.payment,,po_1ROTrZADru8LAtyCjKPNIy3D,iPhone,DBM3y5pTClpRimE1VAVS,a93ebf99-43fb-4095-bb18-9385571dc012,com.gohighlevel.reviews,3.97.3,740,18.3.2,eu3zPHKVX8g7tkaNLpmZ,ios,68234362d9b0d532150de6ac,000305
ch_3ROIUDADru8LAtyC0bpbW2OK,2025-05-13 13:03:12,4.00,0.00,usd,true,4.00,0.00,usd,,Payment for invoice 000303,0.16,,SPARTY BOX,Paid,Payment complete.,0.00,card_1ROIUFADru8LAtyC3gqmBBRR,cus_RQHIjsDcqZCJK7,,auto.generated@pos.payment,,po_1ROTrZADru8LAtyCjKPNIy3D,iPhone,DBM3y5pTClpRimE1VAVS,a93ebf99-43fb-4095-bb18-9385571dc012,com.gohighlevel.reviews,3.97.3,740,18.3.2,eu3zPHKVX8g7tkaNLpmZ,ios,6823430c0177e2756c94fe49,000303
ch_3ROIRyADru8LAtyC0JdGRWXs,2025-05-13 13:00:55,4.00,0.00,usd,true,4.00,0.00,usd,,Payment for invoice 000302,0.16,,SPARTY BOX,Paid,Payment complete.,0.00,card_1ROIS3ADru8LAtyCRByBifTY,cus_RQHIjsDcqZCJK7,,auto.generated@pos.payment,,po_1ROTrZADru8LAtyCjKPNIy3D,iPhone,DBM3y5pTClpRimE1VAVS,a93ebf99-43fb-4095-bb18-9385571dc012,com.gohighlevel.reviews,3.97.3,740,18.3.2,eu3zPHKVX8g7tkaNLpmZ,ios,6823425dd9b0d57afa0de486,000302
ch_3ROIQOADru8LAtyC1133UM0g,2025-05-13 12:59:16,4.00,0.00,usd,true,4.00,0.00,usd,,Payment for invoice 000301,0.16,,SPARTY BOX,Paid,Payment complete.,0.00,card_1ROIQSADru8LAtyCsByVDaUX,cus_RQHIjsDcqZCJK7,,auto.generated@pos.payment,,po_1ROTrZADru8LAtyCjKPNIy3D,iPhone,DBM3y5pTClpRimE1VAVS,a93ebf99-43fb-4095-bb18-9385571dc012,com.gohighlevel.reviews,3.97.3,740,18.3.2,eu3zPHKVX8g7tkaNLpmZ,ios,6823421f0177e2544494fc26,000301
ch_3RO10ZADru8LAtyC0xdwWJ2C,2025-05-12 18:23:31,3.00,0.00,usd,true,3.00,0.00,usd,,Payment for invoice 000300,0.13,,SPARTY BOX,Paid,Payment complete.,0.00,card_1RO10hADru8LAtyCOqrTG7nx,cus_RQHIjsDcqZCJK7,,auto.generated@pos.payment,,po_1RO7EyADru8LAtyCU7F8eGqP,iPhone,DBM3y5pTClpRimE1VAVS,a93ebf99-43fb-4095-bb18-9385571dc012,com.gohighlevel.reviews,3.97.3,740,18.3.2,eu3zPHKVX8g7tkaNLpmZ,ios,68223c9bd9b0d571900da9d1,000300
ch_3RMvRyADru8LAtyC0MkpHiS0,2025-05-09 18:15:19,1.00,0.00,usd,true,1.00,0.00,usd,,Payment for invoice 000292,0.08,,SPARTY BOX,Paid,Payment complete.,0.00,card_1RMvS7ADru8LAtyCnJEzs4LV,cus_RQHIjsDcqZCJK7,,auto.generated@pos.payment,,po_1RNkuVADru8LAtyCvCpVXmGU,iPhone,DBM3y5pTClpRimE1VAVS,a93ebf99-43fb-4095-bb18-9385571dc012,com.gohighlevel.reviews,3.97.3,740,18.3.2,eu3zPHKVX8g7tkaNLpmZ,ios,681e462c5ddb8e8b163416bb,000292
ch_3RMvIkADru8LAtyC1Fj6d8ag,2025-05-09 18:05:43,1.00,0.00,usd,true,1.00,0.00,usd,,Payment for invoice 000291,0.08,,SPARTY BOX,Paid,Payment complete.,0.00,card_1RMvIpADru8LAtyCkZOFZyyJ,cus_RQHIjsDcqZCJK7,,auto.generated@pos.payment,,po_1RNkuVADru8LAtyCvCpVXmGU,iPhone,DBM3y5pTClpRimE1VAVS,a93ebf99-43fb-4095-bb18-9385571dc012,com.gohighlevel.reviews,3.97.3,740,18.3.2,eu3zPHKVX8g7tkaNLpmZ,ios,681e43f10177e21cc493a769,000291
ch_3RMridADru8LAtyC0Q7vqoYf,2025-05-09 14:16:11,4.00,0.00,usd,true,4.00,0.00,usd,,Payment for invoice 000289,0.16,,SPARTY BOX,Paid,Payment complete.,0.00,card_1RMrihADru8LAtyCbqq0SiJv,cus_RQHIjsDcqZCJK7,,auto.generated@pos.payment,,po_1RNkuVADru8LAtyCvCpVXmGU,iPhone,DBM3y5pTClpRimE1VAVS,a93ebf99-43fb-4095-bb18-9385571dc012,com.gohighlevel.reviews,3.97.3,740,18.3.2,eu3zPHKVX8g7tkaNLpmZ,ios,681e0e26583693499349632c,000289
ch_3RMrJHADru8LAtyC1Uyj2PQZ,2025-05-09 13:49:59,4.00,0.00,usd,true,4.00,0.00,usd,,Payment for invoice 000288,0.16,,SPARTY BOX,Paid,Payment complete.,0.00,card_1RMrJLADru8LAtyCwW4JheZS,cus_RQHIjsDcqZCJK7,,auto.generated@pos.payment,,po_1RNkuVADru8LAtyCvCpVXmGU,iPhone,DBM3y5pTClpRimE1VAVS,a93ebf99-43fb-4095-bb18-9385571dc012,com.gohighlevel.reviews,3.97.3,740,18.3.2,eu3zPHKVX8g7tkaNLpmZ,ios,681e08025ddb8e5f5d33e872,000288
ch_3RMYa6ADru8LAtyC1s1cL7VV,2025-05-08 17:50:06,4.00,0.00,usd,true,4.00,0.00,usd,,Payment for invoice 000283,0.16,,SPARTY BOX,Paid,Payment complete.,0.00,card_1RMYaAADru8LAtyC5ql9o3HP,cus_RQHIjsDcqZCJK7,,auto.generated@pos.payment,,po_1RNOUmADru8LAtyCU656dBTS,iPhone,DBM3y5pTClpRimE1VAVS,a93ebf99-43fb-4095-bb18-9385571dc012,com.gohighlevel.reviews,3.97.3,740,18.3.2,eu3zPHKVX8g7tkaNLpmZ,ios,681ceec70177e2f24893331d,000283
ch_3RMUBNADru8LAtyC0iOwIJHT,2025-05-08 13:08:17,4.00,0.00,usd,true,4.00,0.00,usd,,Payment for invoice 000281,0.16,,SPARTY BOX,Paid,Payment complete.,0.00,card_1RMUBRADru8LAtyCuT560gdL,cus_RQHIjsDcqZCJK7,,auto.generated@pos.payment,,po_1RNOUmADru8LAtyCU656dBTS,iPhone,DBM3y5pTClpRimE1VAVS,a93ebf99-43fb-4095-bb18-9385571dc012,com.gohighlevel.reviews,3.97.3,740,18.3.2,eu3zPHKVX8g7tkaNLpmZ,ios,681cacbcd1ce5d7ec84d8641,000281
ch_3RMU7DADru8LAtyC0U00eqa1,2025-05-08 13:04:00,8.00,0.00,usd,true,8.00,0.00,usd,,Payment for invoice 000280,0.27,,SPARTY BOX,Paid,Payment complete.,0.00,card_1RMU7IADru8LAtyCmA53myOe,cus_RQHIjsDcqZCJK7,,auto.generated@pos.payment,,po_1RNOUmADru8LAtyCU656dBTS,iPhone,DBM3y5pTClpRimE1VAVS,a93ebf99-43fb-4095-bb18-9385571dc012,com.gohighlevel.reviews,3.97.3,740,18.3.2,eu3zPHKVX8g7tkaNLpmZ,ios,681cabba0177e21276931cdb,000280
ch_3RMBMKADru8LAtyC1sIyCdey,2025-05-07 17:02:24,4.00,0.00,usd,true,4.00,0.00,usd,,Payment for invoice 000279,0.16,,SPARTY BOX,Paid,Payment complete.,0.00,card_1RMBMSADru8LAtyCyj11wYmE,cus_RQHIjsDcqZCJK7,,auto.generated@pos.payment,,po_1RMIzIADru8LAtyCSJO7451n,iPhone,DBM3y5pTClpRimE1VAVS,a93ebf99-43fb-4095-bb18-9385571dc012,com.gohighlevel.reviews,3.97.3,740,18.3.2,eu3zPHKVX8g7tkaNLpmZ,ios,681b921757b70e5c4253792b,000279
ch_3RLqgoADru8LAtyC1jDlmH1x,2025-05-06 18:58:06,1.00,0.00,usd,true,1.00,0.00,usd,,Payment for invoice 000277,0.08,,SPARTY BOX,Paid,Payment complete.,0.00,card_1RLqgsADru8LAtyCPbDtCpmw,cus_RQHIjsDcqZCJK7,,auto.generated@pos.payment,,po_1RLwcfADru8LAtyChxQSp5tx,iPhone,DBM3y5pTClpRimE1VAVS,a93ebf99-43fb-4095-bb18-9385571dc012,com.gohighlevel.reviews,3.97.3,740,18.3.2,eu3zPHKVX8g7tkaNLpmZ,ios,681a5bb9aa72bd4c6dd2c057,000277
ch_3RLqYFADru8LAtyC0JgeegRn,2025-05-06 18:49:27,4.00,0.00,usd,true,4.00,0.00,usd,,Payment for invoice 000275,0.16,,SPARTY BOX,Paid,Payment complete.,0.00,card_1RLqYVADru8LAtyCKawSi4M6,cus_RQHIjsDcqZCJK7,,auto.generated@pos.payment,,po_1RLwcfADru8LAtyChxQSp5tx,iPhone,DBM3y5pTClpRimE1VAVS,a93ebf99-43fb-4095-bb18-9385571dc012,com.gohighlevel.reviews,3.97.3,740,18.3.2,eu3zPHKVX8g7tkaNLpmZ,ios,681a59a6729cbbd735636909,000275
ch_3RLqEjADru8LAtyC0122mN8g,2025-05-06 18:29:05,3.00,0.00,usd,true,3.00,0.00,usd,,Payment for invoice 000269,0.13,,SPARTY BOX,Paid,Payment complete.,0.00,card_1RLqEnADru8LAtyCGO5U43lS,cus_RQHIjsDcqZCJK7,,auto.generated@pos.payment,,po_1RLwcfADru8LAtyChxQSp5tx,iPhone,DBM3y5pTClpRimE1VAVS,a93ebf99-43fb-4095-bb18-9385571dc012,com.gohighlevel.reviews,3.97.3,740,18.3.2,eu3zPHKVX8g7tkaNLpmZ,ios,681a54ec106f93fe02eb8710,000269
ch_3RLq63ADru8LAtyC0qa9Y6q6,2025-05-06 18:20:11,2.00,0.00,usd,true,2.00,0.00,usd,,Payment for invoice 000268,0.10,,SPARTY BOX,Paid,Payment complete.,0.00,card_1RLq6BADru8LAtyC20lK9v6D,cus_RQHIjsDcqZCJK7,,auto.generated@pos.payment,,po_1RLwcfADru8LAtyChxQSp5tx,iPhone,DBM3y5pTClpRimE1VAVS,a93ebf99-43fb-4095-bb18-9385571dc012,com.gohighlevel.reviews,3.97.3,740,18.3.2,eu3zPHKVX8g7tkaNLpmZ,ios,681a52d2106f93853eeb83d0,000268
ch_3RLp46ADru8LAtyC11ENXvND,2025-05-06 17:14:02,1.00,0.00,usd,true,1.00,0.00,usd,,Payment for invoice 000264,0.08,,SPARTY BOX,Paid,Payment complete.,0.00,card_1RLp49ADru8LAtyCSUd0MO3I,cus_RQHIjsDcqZCJK7,,auto.generated@pos.payment,,po_1RLwcfADru8LAtyChxQSp5tx,iPhone,DBM3y5pTClpRimE1VAVS,eda0eac7-68f8-4615-8f38-3f4981f34dfc,com.gohighlevel.reviews,3.97.3,740,18.4.1,KWgHgCxOyE8pjWo2Wk76,ios,681a4355106f9396a0eb5f73,000264
ch_3RLp3OADru8LAtyC0JZMYOoB,2025-05-06 17:13:21,1.00,0.00,usd,true,1.00,0.00,usd,,Payment for invoice 000262,0.08,,SPARTY BOX,Paid,Payment complete.,0.00,card_1RLp3VADru8LAtyCKSxl3doU,cus_RQHIjsDcqZCJK7,,auto.generated@pos.payment,,po_1RLwcfADru8LAtyChxQSp5tx,iPhone,DBM3y5pTClpRimE1VAVS,eda0eac7-68f8-4615-8f38-3f4981f34dfc,com.gohighlevel.reviews,3.97.3,740,18.4.1,KWgHgCxOyE8pjWo2Wk76,ios,681a4329aa72bdab92d28dfd,000262
ch_3RLp0uADru8LAtyC07igwUDD,2025-05-06 17:10:52,3.00,0.00,usd,true,3.00,0.00,usd,,Payment for invoice 000260,0.13,,SPARTY BOX,Paid,Payment complete.,0.00,card_1RLp16ADru8LAtyC5hVGNFfn,cus_RQHIjsDcqZCJK7,,auto.generated@pos.payment,,po_1RLwcfADru8LAtyChxQSp5tx,iPhone,DBM3y5pTClpRimE1VAVS,a93ebf99-43fb-4095-bb18-9385571dc012,com.gohighlevel.reviews,3.97.3,740,18.3.2,eu3zPHKVX8g7tkaNLpmZ,ios,681a428faa72bd53dcd28c97,000260
ch_3RLp01ADru8LAtyC1trhMuT5,2025-05-06 17:09:52,3.00,0.00,usd,true,3.00,0.00,usd,,Payment for invoice 000259,0.13,,SPARTY BOX,Paid,Payment complete.,0.00,card_1RLp08ADru8LAtyC0y9kesuu,cus_RQHIjsDcqZCJK7,,auto.generated@pos.payment,,po_1RLwcfADru8LAtyChxQSp5tx,iPhone,DBM3y5pTClpRimE1VAVS,a93ebf99-43fb-4095-bb18-9385571dc012,com.gohighlevel.reviews,3.97.3,740,18.3.2,eu3zPHKVX8g7tkaNLpmZ,ios,681a4259106f938016eb5d4a,000259
ch_3RLThSADru8LAtyC1WW04RiQ,2025-05-05 18:25:14,1.00,0.00,usd,true,1.00,0.00,usd,,Payment for invoice 000256,0.08,,SPARTY BOX,Paid,Payment complete.,0.00,card_1RLThWADru8LAtyCkcYJAvsc,cus_RQHIjsDcqZCJK7,,auto.generated@pos.payment,,po_1RLZu4ADru8LAtyCmHzPQhP7,iPhone,DBM3y5pTClpRimE1VAVS,a93ebf99-43fb-4095-bb18-9385571dc012,com.gohighlevel.reviews,3.97.3,740,18.3.2,eu3zPHKVX8g7tkaNLpmZ,ios,6819028489b4316a85a6efbd,000256
ch_3RLThDADru8LAtyC0CXHUe1z,2025-05-05 18:24:58,3.00,0.00,usd,true,3.00,0.00,usd,,Payment for invoice 000255,0.13,,SPARTY BOX,Paid,Payment complete.,0.00,card_1RLThGADru8LAtyC1TylZhLZ,cus_RQHIjsDcqZCJK7,,auto.generated@pos.payment,,po_1RLZu4ADru8LAtyCmHzPQhP7,iPhone,DBM3y5pTClpRimE1VAVS,a93ebf99-43fb-4095-bb18-9385571dc012,com.gohighlevel.reviews,3.97.3,740,18.3.2,eu3zPHKVX8g7tkaNLpmZ,ios,681902769b48a288597e287c,000255
ch_3RLT3ZADru8LAtyC1nQEYAZG,2025-05-05 17:44:01,2.00,0.00,usd,true,2.00,0.00,usd,,Payment for invoice 000250,0.10,,SPARTY BOX,Paid,Payment complete.,0.00,card_1RLT3dADru8LAtyCNIIZfYrL,cus_RQHIjsDcqZCJK7,,auto.generated@pos.payment,,po_1RLZu4ADru8LAtyCmHzPQhP7,iPhone,DBM3y5pTClpRimE1VAVS,a93ebf99-43fb-4095-bb18-9385571dc012,com.gohighlevel.reviews,3.97.3,740,18.3.2,eu3zPHKVX8g7tkaNLpmZ,ios,6818f8dc9b48a217cc7e2284,000250
ch_3RLPGjADru8LAtyC1eNAcFrG,2025-05-05 13:41:22,4.00,0.00,usd,true,4.00,0.00,usd,,Payment for invoice 000245,0.16,,SPARTY BOX,Paid,Payment complete.,0.00,card_1RLPGoADru8LAtyCkiG2FiJv,cus_RQHIjsDcqZCJK7,,auto.generated@pos.payment,,po_1RLZu4ADru8LAtyCmHzPQhP7,iPhone,DBM3y5pTClpRimE1VAVS,a93ebf99-43fb-4095-bb18-9385571dc012,com.gohighlevel.reviews,3.97.3,740,18.3.2,eu3zPHKVX8g7tkaNLpmZ,ios,6818bffd89b431ff72a6cc86,000245
ch_3RLP7xADru8LAtyC0yNXii3I,2025-05-05 13:32:20,4.00,0.00,usd,true,4.00,0.00,usd,,Payment for invoice 000242,0.16,,SPARTY BOX,Paid,Payment complete.,0.00,card_1RLP84ADru8LAtyCg3gaeqrG,cus_RQHIjsDcqZCJK7,,auto.generated@pos.payment,,po_1RLZu4ADru8LAtyCmHzPQhP7,iPhone,DBM3y5pTClpRimE1VAVS,a93ebf99-43fb-4095-bb18-9385571dc012,com.gohighlevel.reviews,3.97.3,740,18.3.2,eu3zPHKVX8g7tkaNLpmZ,ios,6818bddcc5baa06a942aad43,000242
ch_3RLOnoADru8LAtyC1i3g4aIK,2025-05-05 13:11:30,1.00,0.00,usd,true,1.00,0.00,usd,,Payment for invoice 000241,0.08,,SPARTY BOX,Paid,Payment complete.,0.00,card_1RLOnuADru8LAtyCghJ1cvzi,cus_RQHIjsDcqZCJK7,,auto.generated@pos.payment,,po_1RLZu4ADru8LAtyCmHzPQhP7,iPhone,DBM3y5pTClpRimE1VAVS,a93ebf99-43fb-4095-bb18-9385571dc012,com.gohighlevel.reviews,3.97.3,740,18.3.2,eu3zPHKVX8g7tkaNLpmZ,ios,6818b8fb2d34b288ba491723,000241
ch_3RKJNLADru8LAtyC0DSN1ddH,2025-05-02 13:11:41,6.00,0.00,usd,true,6.00,0.00,usd,,Payment for invoice 000237,0.21,,SPARTY BOX,Paid,Payment complete.,0.00,card_1RKJNRADru8LAtyCi7vZ7Mjq,cus_RQHIjsDcqZCJK7,,auto.generated@pos.payment,,po_1RLDVcADru8LAtyCaGpuCYdT,iPhone,DBM3y5pTClpRimE1VAVS,a93ebf99-43fb-4095-bb18-9385571dc012,com.gohighlevel.reviews,3.97.3,740,18.3.2,eu3zPHKVX8g7tkaNLpmZ,ios,6814c486944f1abe33896f83,000237
ch_3RK1zmADru8LAtyC1RNv3J8f,2025-05-01 18:38:22,8.00,0.00,usd,true,8.00,0.00,usd,,Payment for invoice 000230,0.27,,SPARTY BOX,Paid,Payment complete.,0.00,card_1RK202ADru8LAtyCdfasbZPK,cus_RQHIjsDcqZCJK7,,auto.generated@pos.payment,,po_1RKrJoADru8LAtyCdSxKH1or,iPhone,DBM3y5pTClpRimE1VAVS,6bf6ac59-24f7-4936-a790-e312cdf4e3cd,com.gohighlevel.reviews,3.95.5,725,18.3.2,qsPJDfiXFPhwlZ0dV7o2,ios,6813bf8cd8729068d5c5e64d,000230
ch_3RJx6pADru8LAtyC02DzzrK4,2025-05-01 13:25:07,4.00,0.00,usd,true,4.00,0.00,usd,,Payment for invoice 000227,0.16,,SPARTY BOX,Paid,Payment complete.,0.00,card_1RJx6tADru8LAtyCzWe16Xb7,cus_RQHIjsDcqZCJK7,,auto.generated@pos.payment,,po_1RKrJoADru8LAtyCdSxKH1or,iPhone,DBM3y5pTClpRimE1VAVS,b886c4d6-3dc4-4057-8f18-05c89276deb6,com.gohighlevel.reviews,3.95.5,725,18.3.2,eu3zPHKVX8g7tkaNLpmZ,ios,6813762e1e16231ac33008e2,000227
ch_3RJwj4ADru8LAtyC1SYgpjYr,2025-05-01 13:00:41,6.00,0.00,usd,true,6.00,0.00,usd,,Payment for invoice 000225,0.21,,SPARTY BOX,Paid,Payment complete.,0.00,card_1RJwjFADru8LAtyCxpDKzYwf,cus_RQHIjsDcqZCJK7,,auto.generated@pos.payment,,po_1RKrJoADru8LAtyCdSxKH1or,iPhone,DBM3y5pTClpRimE1VAVS,b886c4d6-3dc4-4057-8f18-05c89276deb6,com.gohighlevel.reviews,3.95.5,725,18.3.2,eu3zPHKVX8g7tkaNLpmZ,ios,6813706dd872905f6fc5bf85,000225
ch_3RJexSADru8LAtyC0PE4Cr3U,2025-04-30 18:02:16,4.00,0.00,usd,true,4.00,0.00,usd,,Payment for invoice 000224,0.16,,SPARTY BOX,Paid,Payment complete.,0.00,card_1RJexYADru8LAtyCxxYsaH1T,cus_RQHIjsDcqZCJK7,,auto.generated@pos.payment,,po_1RJlZsADru8LAtyClMYRXahK,iPhone,DBM3y5pTClpRimE1VAVS,b886c4d6-3dc4-4057-8f18-05c89276deb6,com.gohighlevel.reviews,3.95.5,725,18.3.2,eu3zPHKVX8g7tkaNLpmZ,ios,681265a1cb482b2f0ea6dfcb,000224
ch_3RJeHRADru8LAtyC07Y1DIYe,2025-04-30 17:18:50,1.00,0.00,usd,true,1.00,0.00,usd,,Payment for invoice 000223,0.08,,SPARTY BOX,Paid,Payment complete.,0.00,card_1RJeHWADru8LAtyCxZsXVGhG,cus_RQHIjsDcqZCJK7,,auto.generated@pos.payment,,po_1RJlZsADru8LAtyClMYRXahK,iPhone,DBM3y5pTClpRimE1VAVS,b886c4d6-3dc4-4057-8f18-05c89276deb6,com.gohighlevel.reviews,3.95.5,725,18.3.2,eu3zPHKVX8g7tkaNLpmZ,ios,68125b74cb482b661ea6dae2,000223
ch_3RJbI0ADru8LAtyC1WpHary1,2025-04-30 14:07:13,2.00,0.00,usd,true,2.00,0.00,usd,,Payment for invoice 000222,0.10,,SPARTY BOX,Paid,Payment complete.,0.00,card_1RJbI5ADru8LAtyCHorYbLHj,cus_RQHIjsDcqZCJK7,,auto.generated@pos.payment,,po_1RJlZsADru8LAtyClMYRXahK,iPhone,DBM3y5pTClpRimE1VAVS,b886c4d6-3dc4-4057-8f18-05c89276deb6,com.gohighlevel.reviews,3.95.5,725,18.3.2,eu3zPHKVX8g7tkaNLpmZ,ios,68122e8b1e1623403b2f9f17,000222
ch_3RJakyADru8LAtyC0mxaUVcd,2025-04-30 13:33:05,1.00,0.00,usd,true,1.00,0.00,usd,,Payment for invoice 000221,0.08,,SPARTY BOX,Paid,Payment complete.,0.00,card_1RJal2ADru8LAtyCfxGhOIqr,cus_RQHIjsDcqZCJK7,,auto.generated@pos.payment,,po_1RJlZsADru8LAtyClMYRXahK,iPhone,DBM3y5pTClpRimE1VAVS,b886c4d6-3dc4-4057-8f18-05c89276deb6,com.gohighlevel.reviews,3.95.5,725,18.3.2,eu3zPHKVX8g7tkaNLpmZ,ios,6812268bcb482b4180a6af8d,000221
ch_3RJaeuADru8LAtyC1RDWWez4,2025-04-30 13:26:49,4.00,0.00,usd,true,4.00,0.00,usd,,Payment for invoice 000220,0.16,,SPARTY BOX,Paid,Payment complete.,0.00,card_1RJaezADru8LAtyCMqz41hTf,cus_RQHIjsDcqZCJK7,,auto.generated@pos.payment,,po_1RJlZsADru8LAtyClMYRXahK,iPhone,DBM3y5pTClpRimE1VAVS,b886c4d6-3dc4-4057-8f18-05c89276deb6,com.gohighlevel.reviews,3.95.5,725,18.3.2,eu3zPHKVX8g7tkaNLpmZ,ios,68122513cb482b3031a6ab99,000220
ch_3RJaeQADru8LAtyC07a54wf6,2025-04-30 13:26:19,4.00,0.00,usd,true,4.00,0.00,usd,,Payment for invoice 000219,0.16,,SPARTY BOX,Paid,Payment complete.,0.00,card_1RJaeUADru8LAtyCqqXb4ucq,cus_RQHIjsDcqZCJK7,,auto.generated@pos.payment,,po_1RJlZsADru8LAtyClMYRXahK,iPhone,DBM3y5pTClpRimE1VAVS,b886c4d6-3dc4-4057-8f18-05c89276deb6,com.gohighlevel.reviews,3.95.5,725,18.3.2,eu3zPHKVX8g7tkaNLpmZ,ios,681224f51e1623f8582f8930,000219
ch_3RJabWADru8LAtyC1hxaYrzl,2025-04-30 13:23:19,2.00,0.00,usd,true,2.00,0.00,usd,,Payment for invoice 000218,0.10,,SPARTY BOX,Paid,Payment complete.,0.00,card_1RJabbADru8LAtyCCtZylU7X,cus_RQHIjsDcqZCJK7,,auto.generated@pos.payment,,po_1RJlZsADru8LAtyClMYRXahK,iPhone,DBM3y5pTClpRimE1VAVS,b886c4d6-3dc4-4057-8f18-05c89276deb6,com.gohighlevel.reviews,3.95.5,725,18.3.2,eu3zPHKVX8g7tkaNLpmZ,ios,68122441cb482b624da6a8c5,000218
ch_3RJJCaADru8LAtyC1i445fyr,2025-04-29 18:48:30,2.00,0.00,usd,true,2.00,0.00,usd,,Payment for invoice 000215,0.10,,SPARTY BOX,Paid,Payment complete.,0.00,card_1RJJCkADru8LAtyCgKvOIpgg,cus_RQHIjsDcqZCJK7,,auto.generated@pos.payment,,po_1RJPDEADru8LAtyCX0Hn1oBD,iPhone,DBM3y5pTClpRimE1VAVS,b886c4d6-3dc4-4057-8f18-05c89276deb6,com.gohighlevel.reviews,3.95.5,725,18.3.2,eu3zPHKVX8g7tkaNLpmZ,ios,68111ef3c1ec1c8378d1a084,000215
ch_3RJJ4wADru8LAtyC1ndLosDg,2025-04-29 18:40:35,3.00,0.00,usd,true,3.00,0.00,usd,,Payment for invoice 000213,0.13,,SPARTY BOX,Paid,Payment complete.,0.00,card_1RJJ55ADru8LAtyCykXqu83x,cus_RQHIjsDcqZCJK7,,auto.generated@pos.payment,,po_1RJPDEADru8LAtyCX0Hn1oBD,iPhone,DBM3y5pTClpRimE1VAVS,b886c4d6-3dc4-4057-8f18-05c89276deb6,com.gohighlevel.reviews,3.95.5,725,18.3.2,eu3zPHKVX8g7tkaNLpmZ,ios,68111d197122da0f0cc47d34,000213
ch_3RJIuDADru8LAtyC0a5b2DkY,2025-04-29 18:29:30,4.00,0.00,usd,true,4.00,0.00,usd,,Payment for invoice 000212,0.16,,SPARTY BOX,Paid,Payment complete.,0.00,card_1RJIuMADru8LAtyCQa8uEQqv,cus_RQHIjsDcqZCJK7,,auto.generated@pos.payment,,po_1RJPDEADru8LAtyCX0Hn1oBD,iPhone,DBM3y5pTClpRimE1VAVS,b886c4d6-3dc4-4057-8f18-05c89276deb6,com.gohighlevel.reviews,3.95.5,725,18.3.2,eu3zPHKVX8g7tkaNLpmZ,ios,68111a801e162361092f3bee,000212
ch_3RJIi8ADru8LAtyC0CiLnV67,2025-04-29 18:16:55,5.00,0.00,usd,true,5.00,0.00,usd,,Payment for invoice 000209,0.19,,SPARTY BOX,Paid,Payment complete.,0.00,card_1RJIiBADru8LAtyCjQSbv3Ce,cus_RQHIjsDcqZCJK7,,auto.generated@pos.payment,,po_1RJPDEADru8LAtyCX0Hn1oBD,iPhone,DBM3y5pTClpRimE1VAVS,6bf6ac59-24f7-4936-a790-e312cdf4e3cd,com.gohighlevel.reviews,3.95.5,725,18.3.2,qsPJDfiXFPhwlZ0dV7o2,ios,68111793c1ec1cdca5d19ded,000209
ch_3RJHhiADru8LAtyC1YSSE9sM,2025-04-29 17:12:33,3.00,0.00,usd,true,3.00,0.00,usd,,Payment for invoice 000205,0.13,,SPARTY BOX,Paid,Payment complete.,0.00,card_1RJHhtADru8LAtyCEQrnUQDI,cus_RQHIjsDcqZCJK7,,auto.generated@pos.payment,,po_1RJPDEADru8LAtyCX0Hn1oBD,iPhone,DBM3y5pTClpRimE1VAVS,b886c4d6-3dc4-4057-8f18-05c89276deb6,com.gohighlevel.reviews,3.95.5,725,18.3.2,eu3zPHKVX8g7tkaNLpmZ,ios,68110875cb482bd0eaa65816,000205
ch_3RJHfTADru8LAtyC104Pa8qs,2025-04-29 17:10:10,1.00,0.00,usd,true,1.00,0.00,usd,,Payment for invoice 000204,0.08,,SPARTY BOX,Paid,Payment complete.,0.00,card_1RJHfaADru8LAtyCbexHOvBk,cus_RQHIjsDcqZCJK7,,auto.generated@pos.payment,,po_1RJPDEADru8LAtyCX0Hn1oBD,iPhone,DBM3y5pTClpRimE1VAVS,b886c4d6-3dc4-4057-8f18-05c89276deb6,com.gohighlevel.reviews,3.95.5,725,18.3.2,eu3zPHKVX8g7tkaNLpmZ,ios,681107ea1e1623c7b02f3610,000204
ch_3RJEqVADru8LAtyC0ZVWdZT1,2025-04-29 14:09:21,4.00,0.00,usd,true,4.00,0.00,usd,,Payment for invoice 000202,0.16,,SPARTY BOX,Paid,Payment complete.,0.00,card_1RJEqaADru8LAtyCJqkZzmcU,cus_RQHIjsDcqZCJK7,,auto.generated@pos.payment,,po_1RJPDEADru8LAtyCX0Hn1oBD,iPhone,DBM3y5pTClpRimE1VAVS,b886c4d6-3dc4-4057-8f18-05c89276deb6,com.gohighlevel.reviews,3.95.5,725,18.3.2,eu3zPHKVX8g7tkaNLpmZ,ios,6810dd8bcb482b0f40a649d9,000202
ch_3RIvVGADru8LAtyC10DZoFXn,2025-04-28 17:30:07,3.00,0.00,usd,true,3.00,0.00,usd,,Payment for invoice 000201,0.13,,SPARTY BOX,Paid,Payment complete.,0.00,card_1RIvVLADru8LAtyCal6EyTzl,cus_RQHIjsDcqZCJK7,,auto.generated@pos.payment,,po_1RJ2ekADru8LAtyCvMT18QrZ,iPhone,DBM3y5pTClpRimE1VAVS,6bf6ac59-24f7-4936-a790-e312cdf4e3cd,com.gohighlevel.reviews,3.95.5,725,18.3.2,qsPJDfiXFPhwlZ0dV7o2,ios,680fbb193b462ffb997b17d4,000201
ch_3RIv8oADru8LAtyC09yTiFd2,2025-04-28 17:07:02,3.00,0.00,usd,true,3.00,0.00,usd,,Payment for invoice 000200,0.13,,SPARTY BOX,Paid,Payment complete.,0.00,card_1RIv90ADru8LAtyCOP9kjexQ,cus_RQHIjsDcqZCJK7,,auto.generated@pos.payment,,po_1RJ2ekADru8LAtyCvMT18QrZ,iPhone,DBM3y5pTClpRimE1VAVS,b886c4d6-3dc4-4057-8f18-05c89276deb6,com.gohighlevel.reviews,3.95.5,725,18.3.2,eu3zPHKVX8g7tkaNLpmZ,ios,680fb5a90b35e0d5057357c7,000200
ch_3RIsonADru8LAtyC1diTP0Sk,2025-04-28 14:38:09,2.00,0.00,usd,true,2.00,0.00,usd,,Payment for invoice 000199,0.10,,SPARTY BOX,Paid,Payment complete.,0.00,card_1RIsovADru8LAtyCYYd0iUJt,cus_RQHIjsDcqZCJK7,,auto.generated@pos.payment,,po_1RJ2ekADru8LAtyCvMT18QrZ,iPhone,DBM3y5pTClpRimE1VAVS,b886c4d6-3dc4-4057-8f18-05c89276deb6,com.gohighlevel.reviews,3.95.5,725,18.3.2,eu3zPHKVX8g7tkaNLpmZ,ios,680f92c81e162398722ec64c,000199
ch_3REwAuADru8LAtyC1yPxrWES,2025-04-17 17:24:37,4.00,0.00,usd,true,4.00,0.00,usd,,Payment for invoice 000197,0.16,,SPARTY BOX,Paid,Payment complete.,0.00,card_1REwAzADru8LAtyCleLluH30,cus_RQHIjsDcqZCJK7,,auto.generated@pos.payment,,po_1RFmSBADru8LAtyCktw6fUVl,iPhone,DBM3y5pTClpRimE1VAVS,b886c4d6-3dc4-4057-8f18-05c89276deb6,com.gohighlevel.reviews,3.95.5,725,18.3.2,eu3zPHKVX8g7tkaNLpmZ,ios,6801394f537a5fbd21902006,000197
ch_3REw4sADru8LAtyC0BTatapM,2025-04-17 17:18:25,1.00,0.00,usd,true,1.00,0.00,usd,,Payment for invoice 000195,0.08,,SPARTY BOX,Paid,Payment complete.,0.00,card_1REw4zADru8LAtyCHFWUBmJo,cus_RQHIjsDcqZCJK7,,auto.generated@pos.payment,,po_1RFmSBADru8LAtyCktw6fUVl,iPhone,DBM3y5pTClpRimE1VAVS,b886c4d6-3dc4-4057-8f18-05c89276deb6,com.gohighlevel.reviews,3.95.5,725,18.3.2,eu3zPHKVX8g7tkaNLpmZ,ios,680137d9537a5f66c9901f9c,000195
ch_3REw4OADru8LAtyC1D24hAcC,2025-04-17 17:17:54,4.00,0.00,usd,true,4.00,0.00,usd,,Payment for invoice 000194,0.16,,SPARTY BOX,Paid,Payment complete.,0.00,card_1REw4TADru8LAtyCaBQY34kK,cus_RQHIjsDcqZCJK7,,auto.generated@pos.payment,,po_1RFmSBADru8LAtyCktw6fUVl,iPhone,DBM3y5pTClpRimE1VAVS,b886c4d6-3dc4-4057-8f18-05c89276deb6,com.gohighlevel.reviews,3.95.5,725,18.3.2,eu3zPHKVX8g7tkaNLpmZ,ios,680137b9537a5f63d9901f7b,000194
ch_3REvu0ADru8LAtyC03QUPjMR,2025-04-17 17:07:11,4.00,0.00,usd,true,4.00,0.00,usd,,Payment for invoice 000190,0.16,,SPARTY BOX,Paid,Payment complete.,0.00,card_1REvu7ADru8LAtyCGtzpjCxP,cus_RQHIjsDcqZCJK7,,auto.generated@pos.payment,,po_1RFmSBADru8LAtyCktw6fUVl,iPhone,DBM3y5pTClpRimE1VAVS,b886c4d6-3dc4-4057-8f18-05c89276deb6,com.gohighlevel.reviews,3.95.5,725,18.3.2,eu3zPHKVX8g7tkaNLpmZ,ios,680135372144325e3a91528c,000190
ch_3REvgGADru8LAtyC1FRBCvBX,2025-04-17 16:52:57,4.00,0.00,usd,true,4.00,0.00,usd,,Payment for invoice 000187,0.16,,SPARTY BOX,Paid,Payment complete.,0.00,card_1REvgLADru8LAtyCmkHImqGU,cus_RQHIjsDcqZCJK7,,auto.generated@pos.payment,,po_1RFmSBADru8LAtyCktw6fUVl,iPhone,DBM3y5pTClpRimE1VAVS,b886c4d6-3dc4-4057-8f18-05c89276deb6,com.gohighlevel.reviews,3.95.5,725,18.3.2,eu3zPHKVX8g7tkaNLpmZ,ios,680131e3537a5f5b0b901dfd,000187
ch_3REvbDADru8LAtyC0T7q7JHx,2025-04-17 16:47:44,4.00,0.00,usd,true,4.00,0.00,usd,,Payment for invoice 000184,0.16,,SPARTY BOX,Paid,Payment complete.,0.00,card_1REvbHADru8LAtyCZfLeA3Ik,cus_RQHIjsDcqZCJK7,,auto.generated@pos.payment,,po_1RFmSBADru8LAtyCktw6fUVl,iPhone,DBM3y5pTClpRimE1VAVS,b886c4d6-3dc4-4057-8f18-05c89276deb6,com.gohighlevel.reviews,3.95.5,725,18.3.2,eu3zPHKVX8g7tkaNLpmZ,ios,680130aa2144323361915158,000184
ch_3REvXNADru8LAtyC0xlKyFkr,2025-04-17 16:44:04,1.00,0.00,usd,true,1.00,0.00,usd,,Payment for invoice 000183,0.08,,SPARTY BOX,Paid,Payment complete.,0.00,card_1REvXkADru8LAtyCb5bKvLx3,cus_RQHIjsDcqZCJK7,,auto.generated@pos.payment,,po_1RFmSBADru8LAtyCktw6fUVl,iPhone,DBM3y5pTClpRimE1VAVS,b886c4d6-3dc4-4057-8f18-05c89276deb6,com.gohighlevel.reviews,3.95.5,725,18.3.2,eu3zPHKVX8g7tkaNLpmZ,ios,68012fab21443261b991512d,000183
ch_3REvKAADru8LAtyC0Yn9tZbn,2025-04-17 16:30:06,4.00,0.00,usd,true,4.00,0.00,usd,,Payment for invoice 000178,0.16,,SPARTY BOX,Paid,Payment complete.,0.00,card_1REvKEADru8LAtyCZlTKeLRK,cus_RQHIjsDcqZCJK7,,auto.generated@pos.payment,,po_1RFmSBADru8LAtyCktw6fUVl,iPhone,DBM3y5pTClpRimE1VAVS,b886c4d6-3dc4-4057-8f18-05c89276deb6,com.gohighlevel.reviews,3.95.5,725,18.3.2,eu3zPHKVX8g7tkaNLpmZ,ios,68012c89214432c32b915065,000178
ch_3REvIWADru8LAtyC1CPdVj4e,2025-04-17 16:28:43,4.00,0.00,usd,true,4.00,0.00,usd,,Payment for invoice 000177,0.16,,SPARTY BOX,Paid,Payment complete.,0.00,card_1REvItADru8LAtyCVZO333ES,cus_RQHIjsDcqZCJK7,,auto.generated@pos.payment,,po_1RFmSBADru8LAtyCktw6fUVl,iPhone,DBM3y5pTClpRimE1VAVS,b886c4d6-3dc4-4057-8f18-05c89276deb6,com.gohighlevel.reviews,3.95.5,725,18.3.2,eu3zPHKVX8g7tkaNLpmZ,ios,68012c232144325b2191504a,000177
ch_3REv9UADru8LAtyC1S6B5F7J,2025-04-17 16:19:04,4.00,0.00,usd,true,4.00,0.00,usd,,Payment for invoice 000174,0.16,,SPARTY BOX,Paid,Payment complete.,0.00,card_1REv9YADru8LAtyCpjhTIQAp,cus_RQHIjsDcqZCJK7,,auto.generated@pos.payment,,po_1RFmSBADru8LAtyCktw6fUVl,iPhone,DBM3y5pTClpRimE1VAVS,53d4698b-e5a4-4a33-bf79-97227b285be1,com.gohighlevel.reviews,3.95.5,725,18.3.1,KWgHgCxOyE8pjWo2Wk76,ios,680129f3dba7a849ed0db797,000174
ch_3RErfHADru8LAtyC1rcgEc9C,2025-04-17 12:35:41,4.00,0.00,usd,true,4.00,0.00,usd,,Payment for invoice 000170,0.16,,SPARTY BOX,Paid,Payment complete.,0.00,card_1RErfNADru8LAtyCzAblvpV6,cus_RQHIjsDcqZCJK7,,auto.generated@pos.payment,,po_1RFmSBADru8LAtyCktw6fUVl,iPhone,DBM3y5pTClpRimE1VAVS,6bf6ac59-24f7-4936-a790-e312cdf4e3cd,com.gohighlevel.reviews,3.95.5,725,18.3.2,qsPJDfiXFPhwlZ0dV7o2,ios,6800f596dba7a84ca70da4fd,000170
ch_3REZnyADru8LAtyC1uKXt0o5,2025-04-16 17:31:30,3.00,0.00,usd,true,3.00,0.00,usd,,Payment for invoice 000168,0.13,,SPARTY BOX,Paid,Payment complete.,0.00,card_1REZo6ADru8LAtyCHyi8GD6O,cus_RQHIjsDcqZCJK7,,auto.generated@pos.payment,,po_1REgwLADru8LAtyCJM6UpgFV,iPhone,DBM3y5pTClpRimE1VAVS,53d4698b-e5a4-4a33-bf79-97227b285be1,com.gohighlevel.reviews,3.95.5,725,18.3.1,KWgHgCxOyE8pjWo2Wk76,ios,67ffe9692433fa403909602c,000168
ch_3REZlLADru8LAtyC0IAumkZ5,2025-04-16 17:28:43,4.00,0.00,usd,true,4.00,0.00,usd,,Payment for invoice 000167,0.16,,SPARTY BOX,Paid,Payment complete.,0.00,card_1REZlPADru8LAtyCbu9J8sHp,cus_RQHIjsDcqZCJK7,,auto.generated@pos.payment,,po_1REgwLADru8LAtyCJM6UpgFV,iPhone,DBM3y5pTClpRimE1VAVS,53d4698b-e5a4-4a33-bf79-97227b285be1,com.gohighlevel.reviews,3.95.5,725,18.3.1,KWgHgCxOyE8pjWo2Wk76,ios,67ffe8c6dba7a885dc0d5bf1,000167
ch_3REZFbADru8LAtyC1r19HvKa,2025-04-16 16:55:58,4.00,0.00,usd,true,4.00,0.00,usd,,Payment for invoice 000165,0.16,,SPARTY BOX,Paid,Payment complete.,0.00,card_1REZFhADru8LAtyC3GdYLUZt,cus_RQHIjsDcqZCJK7,,auto.generated@pos.payment,,po_1REgwLADru8LAtyCJM6UpgFV,iPhone,DBM3y5pTClpRimE1VAVS,53d4698b-e5a4-4a33-bf79-97227b285be1,com.gohighlevel.reviews,3.95.5,725,18.3.1,KWgHgCxOyE8pjWo2Wk76,ios,67ffe116214432041d90efcc,000165
ch_3REEM8ADru8LAtyC0CRTNX6j,2025-04-15 18:37:16,4.00,0.00,usd,true,4.00,0.00,usd,,Payment for invoice 000164,0.16,,SPARTY BOX,Paid,Payment complete.,0.00,card_1REEMCADru8LAtyCaIdD4CAn,cus_RQHIjsDcqZCJK7,,auto.generated@pos.payment,,po_1REKUiADru8LAtyCvfnvOKRj,iPhone,DBM3y5pTClpRimE1VAVS,b886c4d6-3dc4-4057-8f18-05c89276deb6,com.gohighlevel.reviews,3.95.5,725,18.3.2,eu3zPHKVX8g7tkaNLpmZ,ios,67fea754175b5c95cea102d4,000164
ch_3REEIHADru8LAtyC1yDVaSDt,2025-04-15 18:33:18,4.00,0.00,usd,true,4.00,0.00,usd,,Payment for invoice 000160,0.16,,SPARTY BOX,Paid,Payment complete.,0.00,card_1REEILADru8LAtyCwgfMu90x,cus_RQHIjsDcqZCJK7,,auto.generated@pos.payment,,po_1REKUiADru8LAtyCvfnvOKRj,iPhone,DBM3y5pTClpRimE1VAVS,b886c4d6-3dc4-4057-8f18-05c89276deb6,com.gohighlevel.reviews,3.95.5,725,18.3.2,eu3zPHKVX8g7tkaNLpmZ,ios,67fea668f89ac56ec9e40493,000160
ch_3REC4CADru8LAtyC0KAyvDhM,2025-04-15 16:10:40,4.00,0.00,usd,true,4.00,0.00,usd,,Payment for invoice 000156,0.16,,SPARTY BOX,Paid,Payment complete.,0.00,card_1REC4JADru8LAtyCJSSUZQwT,cus_RQHIjsDcqZCJK7,,auto.generated@pos.payment,,po_1REKUiADru8LAtyCvfnvOKRj,iPhone,DBM3y5pTClpRimE1VAVS,b886c4d6-3dc4-4057-8f18-05c89276deb6,com.gohighlevel.reviews,3.95.5,725,18.3.2,eu3zPHKVX8g7tkaNLpmZ,ios,67fe84f7175b5c36a9a0f847,000156
ch_3RChWCADru8LAtyC0R6NRaCk,2025-04-11 13:21:20,2.00,0.00,usd,true,2.00,0.00,usd,,Payment for invoice 000154,0.10,,SPARTY BOX,Paid,Payment complete.,0.00,card_1RChWFADru8LAtyCHh1rV8qJ,cus_RQHIjsDcqZCJK7,,auto.generated@pos.payment,,po_1RDbOsADru8LAtyCCqXvYUwL,iPhone,DBM3y5pTClpRimE1VAVS,b886c4d6-3dc4-4057-8f18-05c89276deb6,com.gohighlevel.reviews,3.95.5,725,18.3.2,eu3zPHKVX8g7tkaNLpmZ,ios,67f9174bcf19913dbf083347,000154
ch_3RChVRADru8LAtyC0ScSoPUE,2025-04-11 13:20:33,5.00,0.00,usd,true,5.00,0.00,usd,,Payment for invoice 000153,0.19,,SPARTY BOX,Paid,Payment complete.,0.00,card_1RChVVADru8LAtyC2X2v7w4s,cus_RQHIjsDcqZCJK7,,auto.generated@pos.payment,,po_1RDbOsADru8LAtyCCqXvYUwL,iPhone,DBM3y5pTClpRimE1VAVS,b886c4d6-3dc4-4057-8f18-05c89276deb6,com.gohighlevel.reviews,3.95.5,725,18.3.2,eu3zPHKVX8g7tkaNLpmZ,ios,67f9171c5e9e9745561bf72e,000153
ch_3RChTNADru8LAtyC0ICFe0b9,2025-04-11 13:18:25,2.00,0.00,usd,true,2.00,0.00,usd,,Payment for invoice 000152,0.10,,SPARTY BOX,Paid,Payment complete.,0.00,card_1RChTRADru8LAtyCZCcrZtWu,cus_RQHIjsDcqZCJK7,,auto.generated@pos.payment,,po_1RDbOsADru8LAtyCCqXvYUwL,iPhone,DBM3y5pTClpRimE1VAVS,b886c4d6-3dc4-4057-8f18-05c89276deb6,com.gohighlevel.reviews,3.95.5,725,18.3.2,eu3zPHKVX8g7tkaNLpmZ,ios,67f9169c63c33b3b5136574f,000152
ch_3RChS6ADru8LAtyC0fJp7GdU,2025-04-11 13:17:09,3.00,0.00,usd,true,3.00,0.00,usd,,Payment for invoice 000151,0.13,,SPARTY BOX,Paid,Payment complete.,0.00,card_1RChSDADru8LAtyCH64nFGKk,cus_RQHIjsDcqZCJK7,,auto.generated@pos.payment,,po_1RDbOsADru8LAtyCCqXvYUwL,iPhone,DBM3y5pTClpRimE1VAVS,b886c4d6-3dc4-4057-8f18-05c89276deb6,com.gohighlevel.reviews,3.95.5,725,18.3.2,eu3zPHKVX8g7tkaNLpmZ,ios,67f9164dd7aa37f9a5e66597,000151
ch_3RChN3ADru8LAtyC0owaemzF,2025-04-11 13:12:09,4.00,0.00,usd,true,4.00,0.00,usd,,Payment for invoice 000148,0.16,,SPARTY BOX,Paid,Payment complete.,0.00,card_1RChNNADru8LAtyCQuhisbIB,cus_RQHIjsDcqZCJK7,,auto.generated@pos.payment,,po_1RDbOsADru8LAtyCCqXvYUwL,iPhone,DBM3y5pTClpRimE1VAVS,b886c4d6-3dc4-4057-8f18-05c89276deb6,com.gohighlevel.reviews,3.95.5,725,18.3.2,eu3zPHKVX8g7tkaNLpmZ,ios,67f915145e9e9725fa1bf6c6,000148
ch_3RCLAsADru8LAtyC1BwVROqu,2025-04-10 13:29:50,4.00,0.00,usd,true,4.00,0.00,usd,,Payment for invoice 000143,0.16,,SPARTY BOX,Paid,Payment complete.,0.00,card_1RCLAwADru8LAtyCId8YnIc1,cus_RQHIjsDcqZCJK7,,auto.generated@pos.payment,,po_1RDFBNADru8LAtyCRMNMHKpJ,iPhone,DBM3y5pTClpRimE1VAVS,b886c4d6-3dc4-4057-8f18-05c89276deb6,com.gohighlevel.reviews,3.95.5,725,18.3.2,eu3zPHKVX8g7tkaNLpmZ,ios,67f7c7c92c6c0a56562ce6ad,000143
ch_3RCLAGADru8LAtyC0c5b5kGy,2025-04-10 13:29:13,1.00,0.00,usd,true,1.00,0.00,usd,,Payment for invoice 000142,0.08,,SPARTY BOX,Paid,Payment complete.,0.00,card_1RCLALADru8LAtyCOD7GDy2q,cus_RQHIjsDcqZCJK7,,auto.generated@pos.payment,,po_1RDFBNADru8LAtyCRMNMHKpJ,iPhone,DBM3y5pTClpRimE1VAVS,b886c4d6-3dc4-4057-8f18-05c89276deb6,com.gohighlevel.reviews,3.95.5,725,18.3.2,eu3zPHKVX8g7tkaNLpmZ,ios,67f7c7a32c6c0ace1e2ce6aa,000142
ch_3RCL1rADru8LAtyC1QnHtCs8,2025-04-10 13:20:37,12.00,0.00,usd,true,12.00,0.00,usd,,Payment for invoice 000139,0.37,,SPARTY BOX,Paid,Payment complete.,0.00,card_1RCL21ADru8LAtyCAC8P66yv,cus_RQHIjsDcqZCJK7,,auto.generated@pos.payment,,po_1RDFBNADru8LAtyCRMNMHKpJ,iPhone,DBM3y5pTClpRimE1VAVS,b886c4d6-3dc4-4057-8f18-05c89276deb6,com.gohighlevel.reviews,3.95.5,725,18.3.2,eu3zPHKVX8g7tkaNLpmZ,ios,67f7c59ad7aa372963e5ac50,000139
ch_3RC3FaADru8LAtyC1DG0b0Ht,2025-04-09 18:21:31,5.00,0.00,usd,true,5.00,0.00,usd,,Payment for invoice 000138,0.19,,SPARTY BOX,Paid,Payment complete.,0.00,card_1RC3FfADru8LAtyCxl6bsjJn,cus_RQHIjsDcqZCJK7,,auto.generated@pos.payment,,po_1RC9ZFADru8LAtyChynCLnWo,iPhone,DBM3y5pTClpRimE1VAVS,b886c4d6-3dc4-4057-8f18-05c89276deb6,com.gohighlevel.reviews,3.95.5,725,18.3.2,eu3zPHKVX8g7tkaNLpmZ,ios,67f6baa52c6c0a8c952c9c6e,000138
ch_3RC2uXADru8LAtyC0lSrMxbL,2025-04-09 17:59:49,4.00,0.00,usd,true,4.00,0.00,usd,,Payment for invoice 000137,0.16,,SPARTY BOX,Paid,Payment complete.,0.00,card_1RC2ufADru8LAtyC5hDvOOCA,cus_RQHIjsDcqZCJK7,,auto.generated@pos.payment,,po_1RC9ZFADru8LAtyChynCLnWo,iPhone,DBM3y5pTClpRimE1VAVS,b886c4d6-3dc4-4057-8f18-05c89276deb6,com.gohighlevel.reviews,3.95.5,725,18.3.2,eu3zPHKVX8g7tkaNLpmZ,ios,67f6b58c68533005221f47d3,000137
ch_3RC2rBADru8LAtyC1n8CTCo4,2025-04-09 17:56:17,4.00,0.00,usd,true,4.00,0.00,usd,,Payment for invoice 000136,0.16,,SPARTY BOX,Paid,Payment complete.,0.00,card_1RC2rFADru8LAtyCr6XFufVZ,cus_RQHIjsDcqZCJK7,,auto.generated@pos.payment,,po_1RC9ZFADru8LAtyChynCLnWo,iPhone,DBM3y5pTClpRimE1VAVS,b886c4d6-3dc4-4057-8f18-05c89276deb6,com.gohighlevel.reviews,3.95.5,725,18.3.2,eu3zPHKVX8g7tkaNLpmZ,ios,67f6b4bcd7aa371054e5605a,000136
ch_3RC2kqADru8LAtyC02L9OMka,2025-04-09 17:49:45,4.00,0.00,usd,true,4.00,0.00,usd,,Payment for invoice 000135,0.16,,SPARTY BOX,Paid,Payment complete.,0.00,card_1RC2kuADru8LAtyCV6GcfxXu,cus_RQHIjsDcqZCJK7,,auto.generated@pos.payment,,po_1RC9ZFADru8LAtyChynCLnWo,iPhone,DBM3y5pTClpRimE1VAVS,b886c4d6-3dc4-4057-8f18-05c89276deb6,com.gohighlevel.reviews,3.95.5,725,18.3.2,eu3zPHKVX8g7tkaNLpmZ,ios,67f6b3345f7c2cb5fe435d6b,000135
ch_3RC2jyADru8LAtyC1PVZSH9p,2025-04-09 17:48:51,3.00,0.00,usd,true,3.00,0.00,usd,,Payment for invoice 000134,0.13,,SPARTY BOX,Paid,Payment complete.,0.00,card_1RC2k2ADru8LAtyC408yUsja,cus_RQHIjsDcqZCJK7,,auto.generated@pos.payment,,po_1RC9ZFADru8LAtyChynCLnWo,iPhone,DBM3y5pTClpRimE1VAVS,b886c4d6-3dc4-4057-8f18-05c89276deb6,com.gohighlevel.reviews,3.95.5,725,18.3.2,eu3zPHKVX8g7tkaNLpmZ,ios,67f6b2fd68533031331f472c,000134
ch_3RByQkADru8LAtyC0CDyhOP7,2025-04-09 13:12:44,8.00,0.00,usd,true,8.00,0.00,usd,,Payment for invoice 000131,0.27,,SPARTY BOX,Paid,Payment complete.,0.00,card_1RByQqADru8LAtyCltiKCmCQ,cus_RQHIjsDcqZCJK7,,auto.generated@pos.payment,,po_1RC9ZFADru8LAtyChynCLnWo,iPhone,DBM3y5pTClpRimE1VAVS,b886c4d6-3dc4-4057-8f18-05c89276deb6,com.gohighlevel.reviews,3.95.5,725,18.3.2,eu3zPHKVX8g7tkaNLpmZ,ios,67f67245685330f3111f2701,000131
ch_3RBh9eADru8LAtyC1QGJKb8d,2025-04-08 18:45:54,1.00,0.00,usd,true,1.00,0.00,usd,,Payment for invoice 000130,0.08,,SPARTY BOX,Paid,Payment complete.,0.00,card_1RBh9iADru8LAtyCwqY9eJK7,cus_RQHIjsDcqZCJK7,,auto.generated@pos.payment,,po_1RBn0KADru8LAtyCl4fC71OP,iPhone,DBM3y5pTClpRimE1VAVS,b886c4d6-3dc4-4057-8f18-05c89276deb6,com.gohighlevel.reviews,3.95.5,725,18.3.2,eu3zPHKVX8g7tkaNLpmZ,ios,67f56eddc197b25ba02596e0,000130
ch_3RBh8jADru8LAtyC02KckEYJ,2025-04-08 18:44:58,1.00,0.00,usd,true,1.00,0.00,usd,,Payment for invoice 000129,0.08,,SPARTY BOX,Paid,Payment complete.,0.00,card_1RBh8oADru8LAtyCfnLrpmEO,cus_RQHIjsDcqZCJK7,,auto.generated@pos.payment,,po_1RBn0KADru8LAtyCl4fC71OP,iPhone,DBM3y5pTClpRimE1VAVS,b886c4d6-3dc4-4057-8f18-05c89276deb6,com.gohighlevel.reviews,3.95.5,725,18.3.2,eu3zPHKVX8g7tkaNLpmZ,ios,67f56ea40b0869eceef28483,000129
ch_3RBh3nADru8LAtyC0MBoewOi,2025-04-08 18:39:53,4.00,0.00,usd,true,4.00,0.00,usd,,Payment for invoice 000128,0.16,,SPARTY BOX,Paid,Payment complete.,0.00,card_1RBh3tADru8LAtyC19lku9Xf,cus_RQHIjsDcqZCJK7,,auto.generated@pos.payment,,po_1RBn0KADru8LAtyCl4fC71OP,iPhone,DBM3y5pTClpRimE1VAVS,b886c4d6-3dc4-4057-8f18-05c89276deb6,com.gohighlevel.reviews,3.95.5,725,18.3.2,eu3zPHKVX8g7tkaNLpmZ,ios,67f56d720b0869be99f281c3,000128
ch_3RBh2yADru8LAtyC0Qs0tipc,2025-04-08 18:39:00,4.00,0.00,usd,true,4.00,0.00,usd,,Payment for invoice 000127,0.16,,SPARTY BOX,Paid,Payment complete.,0.00,card_1RBh32ADru8LAtyCIZxvnRRd,cus_RQHIjsDcqZCJK7,,auto.generated@pos.payment,,po_1RBn0KADru8LAtyCl4fC71OP,iPhone,DBM3y5pTClpRimE1VAVS,b886c4d6-3dc4-4057-8f18-05c89276deb6,com.gohighlevel.reviews,3.95.5,725,18.3.2,eu3zPHKVX8g7tkaNLpmZ,ios,67f56ce9cbd1ff3c7599bf7b,000127
ch_3RBgzKADru8LAtyC0JkxRyfT,2025-04-08 18:35:15,4.00,0.00,usd,true,4.00,0.00,usd,,Payment for invoice 000126,0.16,,SPARTY BOX,Paid,Payment complete.,0.00,card_1RBgzPADru8LAtyCeZ9Y6IIo,cus_RQHIjsDcqZCJK7,,auto.generated@pos.payment,,po_1RBn0KADru8LAtyCl4fC71OP,iPhone,DBM3y5pTClpRimE1VAVS,b886c4d6-3dc4-4057-8f18-05c89276deb6,com.gohighlevel.reviews,3.95.5,725,18.3.2,eu3zPHKVX8g7tkaNLpmZ,ios,67f56c5dc197b24f37258fd0,000126
ch_3RBgwAADru8LAtyC0aX7isef,2025-04-08 18:31:59,4.00,0.00,usd,true,4.00,0.00,usd,,Payment for invoice 000125,0.16,,SPARTY BOX,Paid,Payment complete.,0.00,card_1RBgwFADru8LAtyCrw8t8UCK,cus_RQHIjsDcqZCJK7,,auto.generated@pos.payment,,po_1RBn0KADru8LAtyCl4fC71OP,iPhone,DBM3y5pTClpRimE1VAVS,b886c4d6-3dc4-4057-8f18-05c89276deb6,com.gohighlevel.reviews,3.95.5,725,18.3.2,eu3zPHKVX8g7tkaNLpmZ,ios,67f56b99128553dc662b92c6,000125
ch_3RBgmfADru8LAtyC0IfATu04,2025-04-08 18:22:10,2.00,0.00,usd,true,2.00,0.00,usd,,Payment for invoice 000124,0.10,,SPARTY BOX,Paid,Payment complete.,0.00,card_1RBgmkADru8LAtyCdAlmX2Yj,cus_RQHIjsDcqZCJK7,,auto.generated@pos.payment,,po_1RBn0KADru8LAtyCl4fC71OP,iPhone,DBM3y5pTClpRimE1VAVS,b886c4d6-3dc4-4057-8f18-05c89276deb6,com.gohighlevel.reviews,3.95.5,725,18.3.2,eu3zPHKVX8g7tkaNLpmZ,ios,67f5694dc197b2f9d62583d3,000124
ch_3RBgl9ADru8LAtyC1sOPSNcB,2025-04-08 18:20:51,8.00,0.00,usd,true,8.00,0.00,usd,,Payment for invoice 000123,0.27,,SPARTY BOX,Paid,Payment complete.,0.00,card_1RBglTADru8LAtyCoube109H,cus_RQHIjsDcqZCJK7,,auto.generated@pos.payment,,po_1RBn0KADru8LAtyCl4fC71OP,iPhone,DBM3y5pTClpRimE1VAVS,b886c4d6-3dc4-4057-8f18-05c89276deb6,com.gohighlevel.reviews,3.95.5,725,18.3.2,eu3zPHKVX8g7tkaNLpmZ,ios,67f568ee0b08693077f27043,000123
ch_3RBgSVADru8LAtyC1HglbW80,2025-04-08 18:01:19,5.00,0.00,usd,true,5.00,0.00,usd,,Payment for invoice 000122,0.19,,SPARTY BOX,Paid,Payment complete.,0.00,card_1RBgSZADru8LAtyCOviY1Iuk,cus_RQHIjsDcqZCJK7,,auto.generated@pos.payment,,po_1RBn0KADru8LAtyCl4fC71OP,iPhone,DBM3y5pTClpRimE1VAVS,b886c4d6-3dc4-4057-8f18-05c89276deb6,com.gohighlevel.reviews,3.95.5,725,18.3.2,eu3zPHKVX8g7tkaNLpmZ,ios,67f5646ac197b237622573b5,000122
ch_3RBgPsADru8LAtyC1MwI3s01,2025-04-08 17:58:37,4.00,0.00,usd,true,4.00,0.00,usd,,Payment for invoice 000121,0.16,,SPARTY BOX,Paid,Payment complete.,0.00,card_1RBgPwADru8LAtyCqbbjxz5X,cus_RQHIjsDcqZCJK7,,auto.generated@pos.payment,,po_1RBn0KADru8LAtyCl4fC71OP,iPhone,DBM3y5pTClpRimE1VAVS,b886c4d6-3dc4-4057-8f18-05c89276deb6,com.gohighlevel.reviews,3.95.5,725,18.3.2,eu3zPHKVX8g7tkaNLpmZ,ios,67f563b30b0869e61bf26008,000121
ch_3RBJ2mADru8LAtyC0DGy76ug,2025-04-07 17:01:14,4.00,0.00,usd,true,4.00,0.00,usd,,Payment for invoice 000120,0.16,,SPARTY BOX,Paid,Payment complete.,0.00,card_1RBJ2sADru8LAtyC1wmDkaNw,cus_RQHIjsDcqZCJK7,,auto.generated@pos.payment,,po_1RBQbqADru8LAtyCwqi7SDvX,iPhone,DBM3y5pTClpRimE1VAVS,b886c4d6-3dc4-4057-8f18-05c89276deb6,com.gohighlevel.reviews,3.95.2,722,18.3.2,eu3zPHKVX8g7tkaNLpmZ,ios,67f404d392e7bd77df8425aa,000120
ch_3RAEuXADru8LAtyC1BbYX3pG,2025-04-04 18:24:17,5.00,0.00,usd,true,5.00,0.00,usd,,Payment for invoice 000117,0.19,,SPARTY BOX,Paid,Payment complete.,0.00,card_1RAEubADru8LAtyCPaTbghuB,cus_RQHIjsDcqZCJK7,,auto.generated@pos.payment,,po_1RB48kADru8LAtyCUZepUkjL,iPhone,DBM3y5pTClpRimE1VAVS,b886c4d6-3dc4-4057-8f18-05c89276deb6,com.gohighlevel.reviews,3.95.2,722,18.3.2,eu3zPHKVX8g7tkaNLpmZ,ios,67f023a779c768bc0174cb00,000117
ch_3RAE2RADru8LAtyC0WorK9y2,2025-04-04 17:28:59,1.00,0.00,usd,true,1.00,0.00,usd,,Payment for invoice 000116,0.08,,SPARTY BOX,Paid,Payment complete.,0.00,card_1RAE35ADru8LAtyCcz24sCzO,cus_RQHIjsDcqZCJK7,,auto.generated@pos.payment,,po_1RB48kADru8LAtyCUZepUkjL,iPhone,DBM3y5pTClpRimE1VAVS,53d4698b-e5a4-4a33-bf79-97227b285be1,com.gohighlevel.reviews,3.94.0,718,18.3.1,KWgHgCxOyE8pjWo2Wk76,ios,67f016b2959c9886487d20b6,000116
ch_3R9sqoADru8LAtyC0QofnXzL,2025-04-03 18:51:03,8.00,0.00,usd,true,8.00,0.00,usd,,Payment for invoice 000111,0.27,,SPARTY BOX,Paid,Payment complete.,0.00,card_1R9sqxADru8LAtyCg2vuVcGb,cus_RQHIjsDcqZCJK7,,auto.generated@pos.payment,,po_1RAhnJADru8LAtyC1imUyUwS,iPhone,DBM3y5pTClpRimE1VAVS,b886c4d6-3dc4-4057-8f18-05c89276deb6,com.gohighlevel.reviews,3.94.0,718,18.3.2,eu3zPHKVX8g7tkaNLpmZ,ios,67eed87a7fdde5037646b744,000111
ch_3R9soMADru8LAtyC15ruu5zF,2025-04-03 18:48:27,4.00,0.00,usd,true,4.00,0.00,usd,,Payment for invoice 000110,0.16,,SPARTY BOX,Paid,Payment complete.,0.00,card_1R9soQADru8LAtyCjiMrXRQL,cus_RQHIjsDcqZCJK7,,auto.generated@pos.payment,,po_1RAhnJADru8LAtyC1imUyUwS,iPhone,DBM3y5pTClpRimE1VAVS,b886c4d6-3dc4-4057-8f18-05c89276deb6,com.gohighlevel.reviews,3.94.0,718,18.3.2,eu3zPHKVX8g7tkaNLpmZ,ios,67eed7f410c8504abce382e3,000110
ch_3R9skyADru8LAtyC0ArFWPTt,2025-04-03 18:44:58,1.00,0.00,usd,true,1.00,0.00,usd,,Payment for invoice 000109,0.08,,SPARTY BOX,Paid,Payment complete.,0.00,card_1R9sl4ADru8LAtyCYH2qT2R8,cus_RQHIjsDcqZCJK7,,auto.generated@pos.payment,,po_1RAhnJADru8LAtyC1imUyUwS,iPhone,DBM3y5pTClpRimE1VAVS,b886c4d6-3dc4-4057-8f18-05c89276deb6,com.gohighlevel.reviews,3.94.0,718,18.3.2,eu3zPHKVX8g7tkaNLpmZ,ios,67eed72310c850ef9de382be,000109
ch_3R9siCADru8LAtyC1CLfLVdS,2025-04-03 18:42:06,4.00,0.00,usd,true,4.00,0.00,usd,,Payment for invoice 000108,0.16,,SPARTY BOX,Paid,Payment complete.,0.00,card_1R9siIADru8LAtyCYMQOVfOf,cus_RQHIjsDcqZCJK7,,auto.generated@pos.payment,,po_1RAhnJADru8LAtyC1imUyUwS,iPhone,DBM3y5pTClpRimE1VAVS,b886c4d6-3dc4-4057-8f18-05c89276deb6,com.gohighlevel.reviews,3.94.0,718,18.3.2,eu3zPHKVX8g7tkaNLpmZ,ios,67eed67710c8502207e38296,000108
ch_3R9scSADru8LAtyC00t3tDrg,2025-04-03 18:36:08,4.00,0.00,usd,true,4.00,0.00,usd,,Payment for invoice 000107,0.16,,SPARTY BOX,Paid,Payment complete.,0.00,card_1R9scWADru8LAtyC8xSUTilB,cus_RQHIjsDcqZCJK7,,auto.generated@pos.payment,,po_1RAhnJADru8LAtyC1imUyUwS,iPhone,DBM3y5pTClpRimE1VAVS,b886c4d6-3dc4-4057-8f18-05c89276deb6,com.gohighlevel.reviews,3.94.0,718,18.3.2,eu3zPHKVX8g7tkaNLpmZ,ios,67eed5131d44636f16d21455,000107
ch_3R9sZBADru8LAtyC0uB5cw5x,2025-04-03 18:32:48,8.00,0.00,usd,true,8.00,0.00,usd,,Payment for invoice 000106,0.27,,SPARTY BOX,Paid,Payment complete.,0.00,card_1R9sZIADru8LAtyCyztOY5sh,cus_RQHIjsDcqZCJK7,,auto.generated@pos.payment,,po_1RAhnJADru8LAtyC1imUyUwS,iPhone,DBM3y5pTClpRimE1VAVS,b886c4d6-3dc4-4057-8f18-05c89276deb6,com.gohighlevel.reviews,3.94.0,718,18.3.2,eu3zPHKVX8g7tkaNLpmZ,ios,67eed44810c8503b06e381b6,000106
ch_3R9rtDADru8LAtyC0HJ5BWji,2025-04-03 17:49:40,4.00,0.00,usd,true,4.00,0.00,usd,,Payment for invoice 000104,0.16,,SPARTY BOX,Paid,Payment complete.,0.00,card_1R9rtYADru8LAtyCPJThOGn9,cus_RQHIjsDcqZCJK7,,auto.generated@pos.payment,,po_1RAhnJADru8LAtyC1imUyUwS,iPhone,DBM3y5pTClpRimE1VAVS,53d4698b-e5a4-4a33-bf79-97227b285be1,com.gohighlevel.reviews,3.94.0,718,18.3.1,KWgHgCxOyE8pjWo2Wk76,ios,67eeca1e7fdde575c946b3bb,000104
ch_3R9rNqADru8LAtyC1uDZxodR,2025-04-03 17:17:08,2.00,0.00,usd,true,2.00,0.00,usd,,Payment for invoice 000102,0.10,,SPARTY BOX,Paid,Payment complete.,0.00,card_1R9rO4ADru8LAtyCXsGnr5RH,cus_RQHIjsDcqZCJK7,,auto.generated@pos.payment,,po_1RAhnJADru8LAtyC1imUyUwS,iPhone,DBM3y5pTClpRimE1VAVS,b886c4d6-3dc4-4057-8f18-05c89276deb6,com.gohighlevel.reviews,3.94.0,718,18.3.2,eu3zPHKVX8g7tkaNLpmZ,ios,67eec284bfa0b9a9e294e1b6,000102
ch_3R9rEgADru8LAtyC17FG05l1,2025-04-03 17:07:31,4.00,0.00,usd,true,4.00,0.00,usd,,Payment for invoice 000100,0.16,,SPARTY BOX,Paid,Payment complete.,0.00,card_1R9rElADru8LAtyCmaiSwj99,cus_RQHIjsDcqZCJK7,,auto.generated@pos.payment,,po_1RAhnJADru8LAtyC1imUyUwS,iPhone,DBM3y5pTClpRimE1VAVS,b886c4d6-3dc4-4057-8f18-05c89276deb6,com.gohighlevel.reviews,3.94.0,718,18.3.2,eu3zPHKVX8g7tkaNLpmZ,ios,67eec04b10c8504c49e37c0b,000100
ch_3R9qudADru8LAtyC1VOlipQn,2025-04-03 16:46:50,4.00,0.00,usd,true,4.00,0.00,usd,,Payment for invoice 000099,0.16,,SPARTY BOX,Paid,Payment complete.,0.00,card_1R9qukADru8LAtyCWjrS1Hpz,cus_RQHIjsDcqZCJK7,,auto.generated@pos.payment,,po_1RAhnJADru8LAtyC1imUyUwS,iPhone,DBM3y5pTClpRimE1VAVS,b886c4d6-3dc4-4057-8f18-05c89276deb6,com.gohighlevel.reviews,3.94.0,718,18.3.2,eu3zPHKVX8g7tkaNLpmZ,ios,67eebb731d44630591d20d10,000099
ch_3R9qsdADru8LAtyC0dux5nkw,2025-04-03 16:44:47,4.00,0.00,usd,true,4.00,0.00,usd,,Payment for invoice 000097,0.16,,SPARTY BOX,Paid,Payment complete.,0.00,card_1R9qslADru8LAtyClazgXy2t,cus_RQHIjsDcqZCJK7,,auto.generated@pos.payment,,po_1RAhnJADru8LAtyC1imUyUwS,iPhone,DBM3y5pTClpRimE1VAVS,b886c4d6-3dc4-4057-8f18-05c89276deb6,com.gohighlevel.reviews,3.94.0,718,18.3.2,eu3zPHKVX8g7tkaNLpmZ,ios,67eebaf67fdde5432446af7a,000097
ch_3R9o7iADru8LAtyC0WIhLVdK,2025-04-03 13:48:11,4.00,0.00,usd,true,4.00,0.00,usd,,Payment for invoice 000096,0.16,,SPARTY BOX,Paid,Payment complete.,0.00,card_1R9o7rADru8LAtyCUaEPsbfh,cus_RQHIjsDcqZCJK7,,auto.generated@pos.payment,,po_1RAhnJADru8LAtyC1imUyUwS,iPhone,DBM3y5pTClpRimE1VAVS,b886c4d6-3dc4-4057-8f18-05c89276deb6,com.gohighlevel.reviews,3.94.0,718,18.3.2,eu3zPHKVX8g7tkaNLpmZ,ios,67ee91917fdde5c0da46a301,000096
ch_3R9nPbADru8LAtyC1yh3TYoJ,2025-04-03 13:02:32,5.00,0.00,usd,true,5.00,0.00,usd,,Payment for invoice 000095,0.19,,SPARTY BOX,Paid,Payment complete.,0.00,card_1R9nPgADru8LAtyCLAOkIqIn,cus_RQHIjsDcqZCJK7,,auto.generated@pos.payment,,po_1RAhnJADru8LAtyC1imUyUwS,iPhone,DBM3y5pTClpRimE1VAVS,b886c4d6-3dc4-4057-8f18-05c89276deb6,com.gohighlevel.reviews,3.94.0,718,18.3.2,eu3zPHKVX8g7tkaNLpmZ,ios,67ee86e21d44638348d1fda6,000095
ch_3R9VLcADru8LAtyC0VETwoYI,2025-04-02 17:45:17,1.00,0.00,usd,true,1.00,0.00,usd,,Payment for invoice 000092,0.08,,SPARTY BOX,Paid,Payment complete.,0.00,card_1R9VLlADru8LAtyCyuISIGMD,cus_RQHIjsDcqZCJK7,,auto.generated@pos.payment,,po_1R9cCMADru8LAtyCrCF6QrOR,iPhone,DBM3y5pTClpRimE1VAVS,b886c4d6-3dc4-4057-8f18-05c89276deb6,com.gohighlevel.reviews,3.94.0,718,18.3.2,eu3zPHKVX8g7tkaNLpmZ,ios,67ed77a31d4463c6a3d158be,000092
ch_3R9V76ADru8LAtyC0V6Vc9Ps,2025-04-02 17:30:22,4.00,0.00,usd,true,4.00,0.00,usd,,Payment for invoice 000091,0.16,,SPARTY BOX,Paid,Payment complete.,0.00,card_1R9V7KADru8LAtyCqDP7qhkl,cus_RQHIjsDcqZCJK7,,auto.generated@pos.payment,,po_1R9cCMADru8LAtyCrCF6QrOR,iPhone,DBM3y5pTClpRimE1VAVS,b886c4d6-3dc4-4057-8f18-05c89276deb6,com.gohighlevel.reviews,3.94.0,718,18.3.2,eu3zPHKVX8g7tkaNLpmZ,ios,67ed741d7fdde571aa45f84f,000091
ch_3R99SYADru8LAtyC0XnVVZVc,2025-04-01 18:23:25,4.00,0.00,usd,true,4.00,0.00,usd,,Payment for invoice 000088,0.16,,SPARTY BOX,Paid,Payment complete.,0.00,card_1R99T6ADru8LAtyC2R7qx9qt,cus_RQHIjsDcqZCJK7,,auto.generated@pos.payment,,po_1R9G0UADru8LAtyCNYfr8G50,iPhone,DBM3y5pTClpRimE1VAVS,b886c4d6-3dc4-4057-8f18-05c89276deb6,com.gohighlevel.reviews,3.94.0,718,18.3.2,eu3zPHKVX8g7tkaNLpmZ,ios,67ec2efaf3d1d12dc1e24f0d,000088
ch_3R98aCADru8LAtyC1M7Bbn9n,2025-04-01 17:26:59,4.00,0.00,usd,true,4.00,0.00,usd,,Payment for invoice 000086,0.16,,SPARTY BOX,Paid,Payment complete.,0.00,card_1R98aVADru8LAtyCi5BWNRtY,cus_RQHIjsDcqZCJK7,,auto.generated@pos.payment,,po_1R9G0UADru8LAtyCNYfr8G50,iPhone,DBM3y5pTClpRimE1VAVS,b886c4d6-3dc4-4057-8f18-05c89276deb6,com.gohighlevel.reviews,3.94.0,718,18.3.2,eu3zPHKVX8g7tkaNLpmZ,ios,67ec21cfc9b091829935569f,000086
ch_3R7hTtADru8LAtyC0XttlhPn,2025-03-28 18:18:18,4.00,0.00,usd,true,4.00,0.00,usd,,Payment for invoice 000083,0.16,,SPARTY BOX,Paid,Payment complete.,0.00,card_1R7hTyADru8LAtyC8mwhaqay,cus_RQHIjsDcqZCJK7,,auto.generated@pos.payment,,po_1R8WseADru8LAtyCTfQQdC2Y,iPhone,DBM3y5pTClpRimE1VAVS,b886c4d6-3dc4-4057-8f18-05c89276deb6,com.gohighlevel.reviews,3.94.0,718,18.3.2,eu3zPHKVX8g7tkaNLpmZ,ios,67e6e7e4e253bf59a0c0f3d7,000083
ch_3R7hSaADru8LAtyC1Qz9wvbn,2025-03-28 18:17:43,4.00,0.00,usd,true,4.00,0.00,usd,,Payment for invoice 000082,0.16,,SPARTY BOX,Paid,Payment complete.,0.00,card_1R7hTPADru8LAtyCnkrRjEPm,cus_RQHIjsDcqZCJK7,,auto.generated@pos.payment,,po_1R8WseADru8LAtyCTfQQdC2Y,iPhone,DBM3y5pTClpRimE1VAVS,b886c4d6-3dc4-4057-8f18-05c89276deb6,com.gohighlevel.reviews,3.94.0,718,18.3.2,eu3zPHKVX8g7tkaNLpmZ,ios,67e6e793db3207549847693c,000082
ch_3R7hN2ADru8LAtyC05Cy825I,2025-03-28 18:11:13,12.00,0.00,usd,true,12.00,0.00,usd,,Payment for invoice 000080,0.37,,SPARTY BOX,Paid,Payment complete.,0.00,card_1R7hN7ADru8LAtyC3bUIXrLC,cus_RQHIjsDcqZCJK7,,auto.generated@pos.payment,,po_1R8WseADru8LAtyCTfQQdC2Y,iPhone,DBM3y5pTClpRimE1VAVS,b886c4d6-3dc4-4057-8f18-05c89276deb6,com.gohighlevel.reviews,3.94.0,718,18.3.2,eu3zPHKVX8g7tkaNLpmZ,ios,67e6e63b454e204858d58f76,000080
ch_3R7hMTADru8LAtyC0m1lmTvg,2025-03-28 18:10:37,4.00,0.00,usd,true,4.00,0.00,usd,,Payment for invoice 000079,0.16,,SPARTY BOX,Paid,Payment complete.,0.00,card_1R7hMXADru8LAtyCnpucgeLa,cus_RQHIjsDcqZCJK7,,auto.generated@pos.payment,,po_1R8WseADru8LAtyCTfQQdC2Y,iPhone,DBM3y5pTClpRimE1VAVS,b886c4d6-3dc4-4057-8f18-05c89276deb6,com.gohighlevel.reviews,3.94.0,718,18.3.2,eu3zPHKVX8g7tkaNLpmZ,ios,67e6e618e253bf5876c0f320,000079
ch_3R7gvKADru8LAtyC03VHxgGE,2025-03-28 17:42:35,1.00,0.00,usd,true,1.00,0.00,usd,,Payment for invoice 000074,0.08,,SPARTY BOX,Paid,Payment complete.,0.00,card_1R7gvPADru8LAtyCEabnbNq4,cus_RQHIjsDcqZCJK7,,auto.generated@pos.payment,,po_1R8WseADru8LAtyCTfQQdC2Y,iPhone,DBM3y5pTClpRimE1VAVS,b886c4d6-3dc4-4057-8f18-05c89276deb6,com.gohighlevel.reviews,3.94.0,718,18.3.2,eu3zPHKVX8g7tkaNLpmZ,ios,67e6df83454e20e50dd58cfd,000074
ch_3R7gSaADru8LAtyC0LYKlIe3,2025-03-28 17:12:53,4.00,0.00,usd,true,4.00,0.00,usd,,Payment for invoice 000064,0.16,,SPARTY BOX,Paid,Payment complete.,0.00,card_1R7gSeADru8LAtyCpwj6mANe,cus_RQHIjsDcqZCJK7,,auto.generated@pos.payment,,po_1R8WseADru8LAtyCTfQQdC2Y,iPhone,DBM3y5pTClpRimE1VAVS,b886c4d6-3dc4-4057-8f18-05c89276deb6,com.gohighlevel.reviews,3.94.0,718,18.3.2,eu3zPHKVX8g7tkaNLpmZ,ios,67e6d88fe253bf6384c0edb4,000064
ch_3R7gRtADru8LAtyC1RMI16Hc,2025-03-28 17:12:11,4.00,0.00,usd,true,4.00,0.00,usd,,Payment for invoice 000063,0.16,,SPARTY BOX,Paid,Payment complete.,0.00,card_1R7gRzADru8LAtyClve0hRK3,cus_RQHIjsDcqZCJK7,,auto.generated@pos.payment,,po_1R8WseADru8LAtyCTfQQdC2Y,iPhone,DBM3y5pTClpRimE1VAVS,b886c4d6-3dc4-4057-8f18-05c89276deb6,com.gohighlevel.reviews,3.94.0,718,18.3.2,eu3zPHKVX8g7tkaNLpmZ,ios,67e6d864454e206c2fd58a09,000063
ch_3R7eRiADru8LAtyC153hTnXk,2025-03-28 15:03:51,4.00,0.00,usd,true,4.00,0.00,usd,,Payment for invoice 000059,0.16,,SPARTY BOX,Paid,Payment complete.,0.00,card_1R7eRnADru8LAtyCVEPPSlJH,cus_RQHIjsDcqZCJK7,,auto.generated@pos.payment,,po_1R8WseADru8LAtyCTfQQdC2Y,iPhone,DBM3y5pTClpRimE1VAVS,b886c4d6-3dc4-4057-8f18-05c89276deb6,com.gohighlevel.reviews,3.94.0,718,18.3.2,eu3zPHKVX8g7tkaNLpmZ,ios,67e6ba50db320784a1475510,000059
ch_3R7dysADru8LAtyC0jxj10ig,2025-03-28 14:34:03,4.00,0.00,usd,true,4.00,0.00,usd,,Payment for invoice 000057,0.16,,SPARTY BOX,Paid,Payment complete.,0.00,card_1R7dywADru8LAtyCktccxXXL,cus_RQHIjsDcqZCJK7,,auto.generated@pos.payment,,po_1R8WseADru8LAtyCTfQQdC2Y,iPhone,DBM3y5pTClpRimE1VAVS,b886c4d6-3dc4-4057-8f18-05c89276deb6,com.gohighlevel.reviews,3.94.0,718,18.3.2,eu3zPHKVX8g7tkaNLpmZ,ios,67e6b356454e200b85d5790b,000057
ch_3R7dsSADru8LAtyC1awVZykV,2025-03-28 14:27:26,2.00,0.00,usd,true,2.00,0.00,usd,,Payment for invoice 000056,0.10,,SPARTY BOX,Paid,Payment complete.,0.00,card_1R7dsYADru8LAtyCp59OmZUw,cus_RQHIjsDcqZCJK7,,auto.generated@pos.payment,,po_1R8WseADru8LAtyCTfQQdC2Y,iPhone,DBM3y5pTClpRimE1VAVS,b886c4d6-3dc4-4057-8f18-05c89276deb6,com.gohighlevel.reviews,3.94.0,718,18.3.2,eu3zPHKVX8g7tkaNLpmZ,ios,67e6b1c7db32074012475164,000056
ch_3R7dfwADru8LAtyC1m0jXxDQ,2025-03-28 14:14:29,8.00,0.00,usd,true,8.00,0.00,usd,,Payment for invoice 000055,0.27,,SPARTY BOX,Paid,Payment complete.,0.00,card_1R7dg1ADru8LAtyCjPPrZItA,cus_RQHIjsDcqZCJK7,,auto.generated@pos.payment,,po_1R8WseADru8LAtyCTfQQdC2Y,iPhone,DBM3y5pTClpRimE1VAVS,b886c4d6-3dc4-4057-8f18-05c89276deb6,com.gohighlevel.reviews,3.94.0,718,18.3.2,eu3zPHKVX8g7tkaNLpmZ,ios,67e6aebfdb3207941947509a,000055
ch_3R7LJdADru8LAtyC0qYd0iVV,2025-03-27 18:38:21,8.00,0.00,usd,true,8.00,0.00,usd,,Payment for invoice 000047,0.27,,SPARTY BOX,Paid,Payment complete.,0.00,card_1R7LJpADru8LAtyCTPrmmhWw,cus_RQHIjsDcqZCJK7,,auto.generated@pos.payment,,po_1R8APhADru8LAtyC5TXvBr0K,iPhone,DBM3y5pTClpRimE1VAVS,b886c4d6-3dc4-4057-8f18-05c89276deb6,com.gohighlevel.reviews,3.94.0,718,18.3.2,eu3zPHKVX8g7tkaNLpmZ,ios,67e59b10454e20545bd53499,000047
ch_3R7LHFADru8LAtyC02FsHCcU,2025-03-27 18:35:51,4.00,0.00,usd,true,4.00,0.00,usd,,Payment for invoice 000045,0.16,,SPARTY BOX,Paid,Payment complete.,0.00,card_1R7LHPADru8LAtyCZiFfUjej,cus_RQHIjsDcqZCJK7,,auto.generated@pos.payment,,po_1R8APhADru8LAtyC5TXvBr0K,iPhone,DBM3y5pTClpRimE1VAVS,b886c4d6-3dc4-4057-8f18-05c89276deb6,com.gohighlevel.reviews,3.94.0,718,18.3.2,eu3zPHKVX8g7tkaNLpmZ,ios,67e59a7ce253bf50d3c09499,000045
ch_3R7LEeADru8LAtyC19glkoiV,2025-03-27 18:33:05,4.00,0.00,usd,true,4.00,0.00,usd,,Payment for invoice 000044,0.16,,SPARTY BOX,Paid,Payment complete.,0.00,card_1R7LEjADru8LAtyCM9hMM4Hy,cus_RQHIjsDcqZCJK7,,auto.generated@pos.payment,,po_1R8APhADru8LAtyC5TXvBr0K,iPhone,DBM3y5pTClpRimE1VAVS,b886c4d6-3dc4-4057-8f18-05c89276deb6,com.gohighlevel.reviews,3.94.0,718,18.3.2,eu3zPHKVX8g7tkaNLpmZ,ios,67e599dbe253bffeabc0944b,000044
ch_3R7LD9ADru8LAtyC10bNpPvv,2025-03-27 18:31:54,4.00,0.00,usd,true,4.00,0.00,usd,,Payment for invoice 000043,0.16,,SPARTY BOX,Paid,Payment complete.,0.00,card_1R7LDaADru8LAtyC6fdmn4Au,cus_RQHIjsDcqZCJK7,,auto.generated@pos.payment,,po_1R8APhADru8LAtyC5TXvBr0K,iPhone,DBM3y5pTClpRimE1VAVS,b886c4d6-3dc4-4057-8f18-05c89276deb6,com.gohighlevel.reviews,3.94.0,718,18.3.2,eu3zPHKVX8g7tkaNLpmZ,ios,67e5997e2510787005365577,000043
ch_3R7KauADru8LAtyC11zYmjLd,2025-03-27 17:52:15,4.00,0.00,usd,true,4.00,0.00,usd,,Payment for invoice 000040,0.16,,SPARTY BOX,Paid,Payment complete.,0.00,card_1R7KbDADru8LAtyCNdU4G6VT,cus_RQHIjsDcqZCJK7,,auto.generated@pos.payment,,po_1R8APhADru8LAtyC5TXvBr0K,iPhone,DBM3y5pTClpRimE1VAVS,53d4698b-e5a4-4a33-bf79-97227b285be1,com.gohighlevel.reviews,3.94.0,718,18.3.1,KWgHgCxOyE8pjWo2Wk76,ios,67e59012454e208079d52ff3,000040
ch_3R7JyuADru8LAtyC1vRl2skk,2025-03-27 17:12:48,4.00,0.00,usd,true,4.00,0.00,usd,,Payment for invoice 000037,0.16,,SPARTY BOX,Paid,Payment complete.,0.00,card_1R7Jz2ADru8LAtyCXIz8mQY6,cus_RQHIjsDcqZCJK7,,auto.generated@pos.payment,,po_1R8APhADru8LAtyC5TXvBr0K,iPhone,DBM3y5pTClpRimE1VAVS,53d4698b-e5a4-4a33-bf79-97227b285be1,com.gohighlevel.reviews,3.94.0,718,18.3.1,KWgHgCxOyE8pjWo2Wk76,ios,67e58707e253bfd9afc08bcb,000037
ch_3R7Jw8ADru8LAtyC1zJYCTGt,2025-03-27 17:10:01,8.00,0.00,usd,true,8.00,0.00,usd,,Payment for invoice 000036,0.27,,SPARTY BOX,Paid,Payment complete.,0.00,card_1R7JwLADru8LAtyCvVG43ypJ,cus_RQHIjsDcqZCJK7,,auto.generated@pos.payment,,po_1R8APhADru8LAtyC5TXvBr0K,iPhone,DBM3y5pTClpRimE1VAVS,b886c4d6-3dc4-4057-8f18-05c89276deb6,com.gohighlevel.reviews,3.94.0,718,18.3.2,eu3zPHKVX8g7tkaNLpmZ,ios,67e5865be253bf21e1c08b78,000036
ch_3QhyxzADru8LAtyC0fexEsmW,2025-01-16 19:43:13,4.00,0.00,usd,true,4.00,0.00,usd,,Payment for invoice 000033,0.16,,SPARTY BOX,Paid,Payment complete.,0.00,card_1QhyyCADru8LAtyCOTVUICn7,cus_RQHIjsDcqZCJK7,,auto.generated@pos.payment,,po_1QjBirADru8LAtyCbc2GCcNp,iPhone,DBM3y5pTClpRimE1VAVS,93b855a0-4d23-4464-921e-17d7e424d892,com.gohighlevel.reviews,3.88.4,698,18.1.1,1BRN3WQHIthgVq5NSCWW,ios,678961347f7ee40162341932,000033
ch_3QhysIADru8LAtyC0W6dL9in,2025-01-16 19:37:09,5.00,0.00,usd,true,5.00,0.00,usd,,Payment for invoice 000032,0.19,,SPARTY BOX,Paid,Payment complete.,0.00,card_1QhysLADru8LAtyCc5DPsVMo,cus_RQHIjsDcqZCJK7,,auto.generated@pos.payment,,po_1QjBirADru8LAtyCbc2GCcNp,iPhone,DBM3y5pTClpRimE1VAVS,93b855a0-4d23-4464-921e-17d7e424d892,com.gohighlevel.reviews,3.88.4,698,18.1.1,1BRN3WQHIthgVq5NSCWW,ios,67895fe1375a167a5b0f17a7,000032
ch_3QhyqeADru8LAtyC0OUndHs5,2025-01-16 19:35:39,4.00,0.00,usd,true,4.00,0.00,usd,,Payment for invoice 000031,0.16,,SPARTY BOX,Paid,Payment complete.,0.00,card_1QhyqsADru8LAtyCl6Mqoenu,cus_RQHIjsDcqZCJK7,,auto.generated@pos.payment,,po_1QjBirADru8LAtyCbc2GCcNp,iPhone,DBM3y5pTClpRimE1VAVS,93b855a0-4d23-4464-921e-17d7e424d892,com.gohighlevel.reviews,3.88.4,698,18.1.1,1BRN3WQHIthgVq5NSCWW,ios,67895f7b7f7ee4004a34184d,000031
ch_3QhCvTADru8LAtyC0to8UNfR,2025-01-14 16:25:20,4.00,0.00,usd,true,4.00,0.00,usd,,Payment for invoice 000030,0.16,,SPARTY BOX,Paid,Payment complete.,0.00,card_1QhCvcADru8LAtyChDi4cWVz,cus_RQHIjsDcqZCJK7,,auto.generated@pos.payment,,po_1QhNSoADru8LAtyC8rI20wKV,iPhone,DBM3y5pTClpRimE1VAVS,93b855a0-4d23-4464-921e-17d7e424d892,com.gohighlevel.reviews,3.88.4,698,18.1.1,1BRN3WQHIthgVq5NSCWW,ios,67868fe69b3c2029138ea9fa,000030
ch_3QhCnkADru8LAtyC1lGwRikP,2025-01-14 16:17:29,6.00,0.00,usd,true,6.00,0.00,usd,,Payment for invoice 000027,0.21,,SPARTY BOX,Paid,Payment complete.,0.00,card_1QhCo0ADru8LAtyCIgsu5iDW,cus_RQHIjsDcqZCJK7,,auto.generated@pos.payment,,po_1QhNSoADru8LAtyC8rI20wKV,iPhone,DBM3y5pTClpRimE1VAVS,c0784adc-f5c0-402d-a4ee-3f9bdaa0af3f,com.gohighlevel.reviews,3.88.4,698,18.1.1,vUbOz5FCMPUZLEFdM0Gx,ios,67868e077f7ee4012e30e509,000027
ch_3QYAjOADru8LAtyC0YhqWOrI,2024-12-20 18:15:38,6.00,0.00,usd,true,6.00,0.00,usd,,Payment for invoice 000020,0.21,,SPARTY BOX,Paid,Payment complete.,0.00,card_1QYAjdADru8LAtyCj7lt6y0w,cus_RQHIjsDcqZCJK7,,auto.generated@pos.payment,,po_1QZj0hADru8LAtyChxfqKE99,iPhone,DBM3y5pTClpRimE1VAVS,8eb0c5e6-b37a-41ae-a648-8de2d012188b,com.gohighlevel.reviews,3.88.1,695,18.2,ysWoLzaJDpkP3idN5s4u,ios,6765b43a589556523ef4f9c0,000020
ch_3QYAiSADru8LAtyC1Di0vMOS,2024-12-20 18:14:31,6.00,0.00,usd,true,6.00,0.00,usd,,Payment for invoice 000019,0.21,,SPARTY BOX,Paid,Payment complete.,0.00,card_1QYAiZADru8LAtyCWDLZgfvP,cus_RQHIjsDcqZCJK7,,auto.generated@pos.payment,,po_1QZj0hADru8LAtyChxfqKE99,iPhone,DBM3y5pTClpRimE1VAVS,8eb0c5e6-b37a-41ae-a648-8de2d012188b,com.gohighlevel.reviews,3.88.1,695,18.2,ysWoLzaJDpkP3idN5s4u,ios,6765b3ff331df8d48283c1fd,000019
ch_3QXpfgADru8LAtyC1cCN9hop,2024-12-19 19:46:30,5.00,0.00,usd,true,5.00,0.00,usd,,Payment for invoice 000017,0.19,,SPARTY BOX,Paid,Payment complete.,0.00,card_1QXpg1ADru8LAtyCXsCUfSVc,cus_RQHIjsDcqZCJK7,,auto.generated@pos.payment,,po_1QZj0hADru8LAtyChxfqKE99,iPhone,DBM3y5pTClpRimE1VAVS,c0784adc-f5c0-402d-a4ee-3f9bdaa0af3f,com.gohighlevel.reviews,3.88.1,695,18.1.1,vUbOz5FCMPUZLEFdM0Gx,ios,676477ff8b6344f890f0e7ca,000017
ch_3QXpXyADru8LAtyC13W74BkD,2024-12-19 19:38:14,5.00,0.00,usd,true,5.00,0.00,usd,,Payment for invoice 000016,0.19,,SPARTY BOX,Paid,Payment complete.,0.00,card_1QXpY2ADru8LAtyCY9FY3fBz,cus_RQHIjsDcqZCJK7,,auto.generated@pos.payment,,po_1QZj0hADru8LAtyChxfqKE99,iPhone,DBM3y5pTClpRimE1VAVS,c0784adc-f5c0-402d-a4ee-3f9bdaa0af3f,com.gohighlevel.reviews,3.88.1,695,18.1.1,vUbOz5FCMPUZLEFdM0Gx,ios,67647621589556335ef4cf5d,000016
ch_3QXpRWADru8LAtyC0vJQKMPI,2024-12-19 19:31:37,5.00,0.00,usd,true,5.00,0.00,usd,,Payment for invoice 000013,0.19,,SPARTY BOX,Paid,Payment complete.,0.00,card_1QXpRdADru8LAtyClatmgzJ8,cus_RQHIjsDcqZCJK7,,auto.generated@pos.payment,,po_1QZj0hADru8LAtyChxfqKE99,iPhone,DBM3y5pTClpRimE1VAVS,c0784adc-f5c0-402d-a4ee-3f9bdaa0af3f,com.gohighlevel.reviews,3.88.1,695,18.1.1,vUbOz5FCMPUZLEFdM0Gx,ios,67647491331df8b303839765,000013
